utterance_idx,ut_len,Negative_score,Neutral_score,Positivity_score,Happy,Fear,Sad,Bored,Angry,Excited,news,query,spam,marketing,feedback,complaint,suggestion,appreciation,IMPACT,EDUCATION,POLITICS,ENTERTAINMENT,TASTE,SPORTS,HEALTHYLIVING,GREEN,BUSINESS,WORLDPOST,TECH,SCIENCE,ARTS&CULTURE,CRIME,TRAVEL,RELIGION,Talker,context_encoded,Empathy,,,
3,119,0.031,0.122,0.847,0.339552185,0.19857801,0.039805037,0.013173638,0.056807724,0.352083406,0.005,0.013,0.354,0.011,0.616,0.003,0.002,0.995,0.33480674,0,0.356034637,0.198439971,0,0,0,0,0,0,0,0,0,0,0,0,1,29,5,,CLASS,COUNT
4,56,0.262,0.643,0.094,0.23455622,0.142208633,0.51098792,0.017678975,0.03406075,0.060507502,0.008,0.316,0.088,0.013,0.575,0.076,0.65,0.275,0.069499739,0,0.285455555,0.397951722,0,0,0,0,0,0,0,0,0,0,0,0,2,2,4,,1,5
1,111,0.116,0.215,0.669,0.127120811,0.445332497,0.169486792,0.017876463,0.025715626,0.214467811,0.005,0.03,0.586,0.011,0.368,0,0,0,0.903361023,0,0,0,0,0,0.086492628,0,0,0.003727935,0,0,0,0,0,0,1,29,1,,2,29
3,90,0.056,0.275,0.669,0.154318811,0.200288527,0.171263121,0,0.300465098,0.173664443,0.026,0.035,0.538,0.061,0.34,0,0,0,0,0,0,0.848133087,0,0.03742538,0,0,0,0.072780073,0,0,0,0,0,0,1,29,1,,3,107
2,14,0.777,0.222,0.001,0.071398604,0.181808621,0.447866148,0.081305003,0.12902503,0.088596595,0.001,0.532,0.3,0,0.167,0,0,0,0.179508358,0,0.373038977,0.204816461,0,0,0,0,0,0,0,0,0,0,0,0,2,6,4,,4,167
8,29,0.566,0.421,0.013,0.016755799,0.174054705,0.740683082,0.020947582,0.040040597,0.007518236,0.001,0.165,0.08,0.001,0.753,0.415,0.375,0.209,0.365067542,0,0.370355308,0.152576596,0,0,0,0,0,0,0,0,0,0,0,0,2,6,4,,5,35
4,69,0.019,0.138,0.843,0.449912563,0.191569059,0.039513153,0.009236119,0.040348457,0.269420651,0.04,0.055,0.18,0.118,0.607,0.001,0.01,0.989,0.584322453,0,0,0.282687634,0,0.063459694,0,0,0,0,0,0,0,0,0,0,2,4,4,,,
4,61,0.898,0.097,0.005,0.051154674,0.263922161,0.247224709,0.108276663,0.251072763,0.078349031,0.006,0.694,0.124,0.002,0.173,0,0,0,0,0,0,0.196097225,0,0,0,0,0,0,0.021218514,0.72995621,0,0,0,0,2,15,3,,,
4,28,0.274,0.626,0.1,0.172327186,0.262678561,0.420244467,0.032808931,0.029865205,0.08207565,0.004,0.115,0.112,0.001,0.768,0.086,0.257,0.657,0.182460919,0,0.098649949,0.524712265,0,0,0,0,0,0,0,0,0,0,0,0,2,23,2,,,
4,36,0.393,0.594,0.013,0.012884746,0.391458478,0.453689408,0.027286627,0.098834978,0.015845763,0.001,0.712,0.25,0.001,0.037,0,0,0,0.012192803,0,0.00871986,0.974607408,0,0,0,0,0,0,0,0,0,0,0,0,2,16,5,,,
1,55,0.356,0.529,0.115,0.013589733,0.713598622,0.221330631,0.011582947,0.024228971,0.015669096,0.016,0.261,0.223,0.002,0.497,0.72,0.099,0.181,0,0,0.038737565,0.066673398,0,0,0,0,0.799703836,0,0,0,0,0,0,0,1,9,5,,,
4,61,0.519,0.159,0.322,0.091139697,0.158856393,0.24007484,0.063139611,0.353436925,0.093352533,0.01,0.072,0.307,0.037,0.573,0.125,0.009,0.866,0.127957985,0,0.097651683,0.453266412,0,0,0,0,0,0,0,0,0,0,0,0,2,9,5,,,
1,69,0.102,0.275,0.624,0.169773448,0.271342513,0.166953765,0.042067385,0.134842372,0.215020517,0.016,0.232,0.134,0.173,0.445,0.103,0.194,0.703,0.721264482,0.047949277,0,0.056484241,0,0,0,0,0,0,0,0,0,0,0,0,1,3,4,,,
6,44,0.065,0.699,0.235,0.120758912,0.285836782,0.295483766,0.092783482,0.120956419,0.084180639,0.014,0.404,0.318,0.032,0.232,0,0,0,0,0,0,0.012422284,0,0,0,0,0,1.81E-04,0,0,0.986992836,0,0,0,2,24,4,,,
1,65,0.985,0.014,0.001,0.011904329,0.172934093,0.424159636,0.022583271,0.352744099,0.015674572,0.004,0.851,0.031,0.001,0.112,0,0,0,0,0,0.167691484,0.348343402,0,0,0,0,0.155176148,0,0,0,0,0,0,0,1,11,4,,,
2,116,0.284,0.552,0.164,0.385221722,0.190249904,0.117467467,0.063004629,0.059987982,0.184068296,0.014,0.285,0.089,0.035,0.576,0.05,0.905,0.045,0.190285459,0,0.467767388,0,0,0,0,0,0,0,0.223698244,0,0,0,0,0,2,23,5,,,
2,35,0.424,0.554,0.022,0.029502749,0.268152491,0.615783249,0.023020051,0.048703723,0.014837738,0.001,0.125,0.295,0.001,0.579,0.333,0.287,0.38,0.058512721,0,0.200261846,0.611890316,0,0,0,0,0,0,0,0,0,0,0,0,2,23,4,,,
2,37,0.22,0.679,0.1,0.113406384,0.290284105,0.12327968,0.196530903,0.185266915,0.091232014,0.001,0.888,0.052,0.008,0.052,0,0,0,0.575200558,0,0.084352404,0.198117092,0,0,0,0,0,0,0,0,0,0,0,0,2,7,3,,,
4,16,0.038,0.183,0.779,0.296271227,0.231339197,0.10921186,0.088802859,0.076953415,0.197421442,0.004,0.035,0.542,0.201,0.218,0,0,0,0.188567147,0,0.549789965,0,0,0,0.057633854,0,0,0,0,0,0,0,0,0,2,22,3,,,
2,79,0.483,0.432,0.085,0.090737901,0.077810436,0.026525917,0.683541132,0.040339582,0.081045033,0.004,0.153,0.417,0.011,0.415,0,0,0,0.278043121,0,0,0.485654712,0,0,0.168998316,0,0,0,0,0,0,0,0,0,2,8,5,,,
2,44,0.746,0.245,0.009,0.023659286,0.746366014,0.123065706,0.008233114,0.063063264,0.035612616,0.005,0.206,0.466,0.003,0.32,0,0,0,0.032605939,0,0.031888235,0.909651041,0,0,0,0,0,0,0,0,0,0,0,0,2,30,4,,,
1,36,0.034,0.207,0.758,0.259411283,0.184016249,0.055063976,0.009533585,0.042024843,0.449950065,0.018,0.022,0.228,0.11,0.622,0.006,0.017,0.977,0.905640543,0,0,0,0,0,0.066708207,0,0.014751832,0,0,0,0,0,0,0,1,26,4,,,
1,56,0.8,0.157,0.043,0.085360294,0.138758532,0.195206764,0.042956263,0.479055851,0.058662296,0.005,0.407,0.262,0.003,0.323,0,0,0,0.626561046,0,0,0.115496121,0,0,0.172989577,0,0,0,0,0,0,0,0,0,1,2,3,,,
1,51,0.029,0.425,0.546,0.285973971,0.345208459,0.054250734,0.018505556,0.02715237,0.26890891,0.044,0.082,0.325,0.221,0.329,0.045,0.227,0.728,0.223837987,0,0.352882236,0.209477618,0,0,0,0,0,0,0,0,0,0,0,0,1,19,5,,,
3,84,0.625,0.329,0.046,0.082745742,0.252390518,0.327880932,0.060196245,0.205312372,0.071474192,0.001,0.491,0.289,0.008,0.211,0,0,0,0.892843187,0,0.021386473,0,0,0,0,0,0,0.021058025,0,0,0,0,0,0,1,19,5,,,
4,77,0.371,0.483,0.146,0.170641733,0.379126435,0.220327177,0.029142663,0.142352192,0.058409799,0.008,0.456,0.176,0.041,0.318,0,0,0,0.037231445,0,0.104274035,0.764397323,0,0,0,0,0,0,0,0,0,0,0,0,2,30,4,,,
6,59,0.031,0.216,0.752,0.183570564,0.026098365,0.003827284,0.00808243,0.111775152,0.666646205,0.233,0.018,0.071,0.262,0.417,0.015,0.625,0.36,0.043751996,0,0,0,0,0,0.950433612,0,0.002389248,0,0,0,0,0,0,0,2,30,4,,,
3,89,0.13,0.389,0.481,0.299195991,0.080648538,0.055482749,0.074927904,0.030507736,0.459237083,0.016,0.011,0.29,0.157,0.526,0.025,0.048,0.927,0,0,0,0.110112533,0,0,0.576124787,0,0.17437315,0,0,0,0,0,0,0,1,8,4,,,
1,38,0.097,0.734,0.169,0.076899672,0.137025739,0.589851296,0.032587401,0.101512682,0.06212321,0.001,0.063,0.589,0.007,0.34,0,0,0,0.338263959,0,0,0.256035566,0,0.331171364,0,0,0,0,0,0,0,0,0,0,1,21,3,,,
4,81,0.533,0.271,0.196,0.121607945,0.302793999,0.282868949,0.052322947,0.145032492,0.095373667,0.048,0.287,0.168,0.055,0.443,0.189,0.068,0.742,0.913563848,0.012389373,0,0.049418166,0,0,0,0,0,0,0,0,0,0,0,0,2,16,3,,,
2,55,0.555,0.405,0.04,0.137384353,0.243599138,0.435279932,0.053754301,0.071089449,0.058892828,0.003,0.237,0.21,0.01,0.54,0.418,0.249,0.332,0.199812755,0,0.274786651,0.424383342,0,0,0,0,0,0,0,0,0,0,0,0,2,0,4,,,
1,141,0.64,0.253,0.107,0.088741688,0.18680839,0.151546529,0.047485072,0.364400663,0.161017658,0.019,0.014,0.446,0.006,0.515,0.403,0.069,0.528,0.013936916,0,0,0.938492358,0,0,0,0,0.020976836,0,0,0,0,0,0,0,1,3,3,,,
2,75,0.706,0.281,0.013,0.048989592,0.12485852,0.167163534,0.127240996,0.470044835,0.061702524,0.01,0.704,0.105,0.002,0.179,0,0,0,0,0,0,0.59954989,0,0.08101967,0,0,0.105336145,0,0,0,0,0,0,0,2,3,3,,,
3,63,0.939,0.057,0.005,0.059896026,0.14467392,0.631930804,0.013527778,0.117193243,0.032778229,0.004,0.547,0.126,0.002,0.321,0,0,0,0.720542908,0,0,0.073866904,0,0,0.090009064,0,0,0,0,0,0,0,0,0,1,16,3,,,
4,29,0.411,0.577,0.012,0.025095112,0.195640433,0.425777091,0.059393108,0.248650518,0.045443738,0.001,0.936,0.049,0,0.015,0,0,0,0.487468183,0,0,0.347560108,0,0,0,0,0.068728983,0,0,0,0,0,0,0,2,16,3,,,
5,46,0.55,0.38,0.07,0.081252671,0.076179797,0.104850108,0.135871017,0.490441038,0.111405369,0.008,0.163,0.361,0.004,0.464,0.748,0.134,0.118,0.455826193,0,0.026631337,0.456358731,0,0,0,0,0,0,0,0,0,0,0,0,1,16,3,,,
4,15,0.033,0.11,0.857,0.18307482,0.116623297,0.061141465,0.038176051,0.069975252,0.531009115,0.001,0.002,0.771,0.078,0.147,0,0,0,0,0,0.279481351,0.649991751,0,0,0,0,0,0.021602772,0,0,0,0,0,0,2,20,4,,,
6,169,0.879,0.115,0.006,0.034131766,0.26346675,0.500913544,0.056714414,0.108673523,0.036100003,0.008,0.66,0.062,0.003,0.267,0,0,0,0.240972966,0.021044279,0,0,0,0,0.713471532,0,0,0,0,0,0,0,0,0,2,12,5,,,
1,54,0.033,0.127,0.84,0.328652651,0.16861492,0.013787693,0.004211454,0.041526259,0.443207024,0.004,0.002,0.141,0.075,0.778,0.001,0.001,0.998,0.941586912,0,0,0.015090473,0,0,0,0,0,0,0,0,0.016005296,0,0,0,1,26,3,,,
1,90,0.239,0.131,0.63,0.46514145,0.156531946,0.029550021,0.021991695,0.06925488,0.257530009,0.014,0.027,0.212,0.041,0.706,0.049,0.024,0.928,0.310350388,0,0,0.295156479,0.349654645,0,0,0,0,0,0,0,0,0,0,0,1,9,4,,,
3,76,0.087,0.36,0.553,0.531961621,0.134512411,0.117041353,0.013208999,0.033367198,0.169908418,0.017,0.035,0.241,0.059,0.648,0.004,0.006,0.99,0,0,0,0.653454781,0.06426122,0,0.096275151,0,0,0,0,0,0,0,0,0,1,9,4,,,
1,100,0.777,0.211,0.012,0.011489991,0.534640219,0.240395155,0.039361084,0.133778011,0.04033554,0.036,0.038,0.521,0,0.404,0,0,0,0,0,0,0.045423914,0,0,0,0.938867569,0,0,0,0.007754904,0,0,0,0,1,0,4,,,
2,46,0.115,0.515,0.371,0.216595241,0.329455802,0.127645062,0.054267133,0.072916584,0.199120179,0.003,0.826,0.068,0.018,0.085,0,0,0,0,0,0.056988329,0.163137123,0,0.733864963,0,0,0,0,0,0,0,0,0,0,2,20,5,,,
6,62,0.084,0.334,0.582,0.500982878,0.17828548,0.085605662,0,0.073742973,0.161383007,0.005,0.179,0.262,0.033,0.52,0.011,0.243,0.746,0.172152981,0,0.015187634,0,0,0.785829842,0,0,0,0,0,0,0,0,0,0,2,20,5,,,
1,61,0.58,0.365,0.055,0.040821546,0.326429383,0.424598148,0.069227375,0.106542789,0.03238076,0.002,0.107,0.314,0.011,0.566,0.665,0.099,0.237,0.625120401,0,0.07696116,0.106505975,0,0,0,0,0,0,0,0,0,0,0,0,1,6,3,,,
4,24,0.291,0.698,0.011,0.07036181,0.373103267,0.32391326,0.085344177,0.05646718,0.090810306,0,0.978,0.013,0,0.009,0,0,0,0.246415615,0,0.449365646,0.129737899,0,0,0,0,0,0,0,0,0,0,0,0,2,6,3,,,
1,156,0.71,0.251,0.038,0.061062159,0.262036468,0.230840877,0.065296647,0.245344895,0.135418954,0.032,0.237,0.42,0.014,0.297,0,0,0,0.738070011,0,0,0,0,0,0.12912865,0,0.034975536,0,0,0,0,0,0,0,1,1,4,,,
2,116,0.836,0.152,0.013,0.042614081,0.469166091,0.211532166,0.007800385,0.120080854,0.148806424,0.029,0.286,0.16,0.008,0.516,0.434,0.51,0.055,0,0,0,0.618952513,0,0,0.105618969,0,0,0,0.065186232,0,0,0,0,0,2,0,4,,,
3,21,0.162,0.681,0.156,0.315353982,0.198645532,0.1072993,0.093030798,0.103303021,0.182367368,0.001,0.049,0.265,0.005,0.681,0.034,0.136,0.831,0.685471714,0,0.128456861,0.073779404,0,0,0,0,0,0,0,0,0,0,0,0,1,31,3,,,
1,70,0.091,0.147,0.762,0.05957098,0.16321903,0.121215378,0.00576432,0.096809101,0.553421192,0.079,0.301,0.161,0.032,0.427,0.197,0.143,0.661,0.026940869,0,0,0.018774811,0,0,0.94678694,0,0,0,0,0,0,0,0,0,1,19,4,,,
3,95,0.063,0.113,0.824,0.228944423,0.193158353,0.033221608,0.006249437,0.059104098,0.479322082,0.099,0.048,0.157,0.098,0.599,0.021,0.024,0.955,0.491964817,0,0,0,0.043137506,0,0.396133333,0,0,0,0,0,0,0,0,0,1,19,4,,,
4,70,0.985,0.014,0.001,0.037504099,0.2698112,0.575422708,0.024459838,0.077305913,0.015496243,0.005,0.03,0.455,0,0.509,0.772,0.009,0.219,0.21715337,0,0.079489239,0.602390945,0,0,0,0,0,0,0,0,0,0,0,0,2,4,2,,,
1,38,0.955,0.043,0.002,0.005396182,0.197870648,0.769828551,0.001340648,0.023758691,0.00180528,0.003,0.111,0.261,0,0.625,0.835,0.045,0.12,0.083240993,0,0,0.751980484,0,0,0,0.068393938,0,0,0,0,0,0,0,0,1,27,3,,,
5,29,0.288,0.625,0.087,0.048378909,0.594304541,0.227996562,0.017051962,0.054639857,0.05762817,0.008,0.007,0.786,0.003,0.197,0,0,0,0,0,0,0.400060624,0.499258131,0,0,0,0,0,0,0,0.024382362,0,0,0,1,27,3,,,
1,42,0.563,0.338,0.099,0.015408732,0.168663056,0.782377409,0.005059019,0.019871582,0.008620202,0.019,0.058,0.803,0.001,0.118,0,0,0,0.346930057,0,0.372636318,0,0,0,0.106291816,0,0,0,0,0,0,0,0,0,1,10,3,,,
2,40,0.301,0.386,0.313,0.173350702,0.088345618,0.712121512,8.01E-04,0.007285305,0.01809566,0.001,0.032,0.432,0.001,0.535,0.015,0.024,0.962,0.510391653,0,0.097296387,0.326283902,0,0,0,0,0,0,0,0,0,0,0,0,2,10,3,,,
1,31,0.155,0.436,0.409,0.229228262,0.09675471,0.072735214,0.136654517,0.138571942,0.326055356,0.007,0.064,0.279,0.004,0.646,0.043,0.023,0.933,0.417311996,0,0,0.437724292,0,0.041792169,0,0,0,0,0,0,0,0,0,0,1,8,2,,,
4,71,0.203,0.21,0.587,0.226505321,0.221813396,0.149966926,0.091344944,0.154332216,0.156037197,0.037,0.176,0.269,0.037,0.481,0.132,0.254,0.613,0,0,0.004831275,0.976788998,0,0,0,0,0.004248018,0,0,0,0,0,0,0,2,8,2,,,
3,47,0.385,0.31,0.305,0.165738641,0.13485466,0.115211265,0.07400156,0.284210768,0.225983107,0.251,0.105,0.172,0.135,0.337,0.305,0.097,0.598,0.02933728,0,0,0.080745257,0,0.86577946,0,0,0,0,0,0,0,0,0,0,1,20,4,,,
2,67,0.486,0.504,0.009,0.028214909,0.501446584,0.262044143,0.038292387,0.128790084,0.041211893,0.002,0.749,0.209,0.001,0.04,0,0,0,0,0,0.045610111,0.908145607,0,0.030665351,0,0,0,0,0,0,0,0,0,0,2,10,4,,,
3,126,0.983,0.017,0.001,0.010395765,0.190318955,0.679792698,0.007608471,0.086013429,0.025870682,0.032,0.146,0.084,0.002,0.735,0.926,0.033,0.042,0.800122798,0,0.039655685,0,0,0,0,0,0,0,0,0,0,0.091678903,0,0,1,10,4,,,
4,87,0.957,0.04,0.003,0.099618292,0.109251765,0.433265984,0.047449279,0.277314077,0.033100602,0.004,0.09,0.065,0.003,0.837,0.858,0.035,0.107,0.157532528,0,0,0,0,0,0.616690159,0,0.121894412,0,0,0,0,0,0,0,2,10,4,,,
2,81,0.817,0.174,0.009,0.022609146,0.32413906,0.228871362,0.133946645,0.198967247,0.09146654,0.067,0.481,0.185,0.003,0.264,0,0,0,0,0,0.899386764,0.060072519,0,0,0,0,0,0,0,0,0,0.012806746,0,0,2,1,4,,,
3,45,0.65,0.289,0.061,0.342172718,0.042677938,0.053673264,0.059407801,0.381289271,0.120779009,0.009,0.075,0.102,0.023,0.791,0.431,0.191,0.379,0.378885835,0,0.133016557,0.378239036,0,0,0,0,0,0,0,0,0,0,0,0,1,15,3,,,
4,34,0.004,0.058,0.938,0.425120323,0.157274278,0.026377921,0.01830192,0.053113864,0.319811695,0.004,0.012,0.515,0.176,0.292,0,0,0,0,0,0.261886358,0.163613945,0.280720681,0,0,0,0,0,0,0,0,0,0,0,2,14,4,,,
1,104,0.854,0.127,0.02,0.023619259,0.266736505,0.452599235,0.033047723,0.165336721,0.058660557,0.007,0.197,0.217,0.002,0.577,0.796,0.024,0.181,0.741860092,0,0,0.049827427,0,0,0,0.081981972,0,0,0,0,0,0,0,0,1,11,4,,,
4,139,0.146,0.61,0.244,0.691229412,0.0237956,0.028380141,0.016733891,0.027987911,0.211873046,0.016,0.015,0.288,0.025,0.656,0.085,0.298,0.617,0.680584908,0,0,0.209148318,0,0,0.067669734,0,0,0,0,0,0,0,0,0,2,0,4,,,
1,113,0.353,0.341,0.306,0.23581134,0.336854644,0.069951357,0.022374426,0.046946448,0.288061785,0.023,0.041,0.362,0.055,0.519,0.048,0.073,0.879,0.590975881,0,0,0.216601625,0,0.105861761,0,0,0,0,0,0,0,0,0,0,1,14,5,,,
1,55,0.005,0.076,0.919,0.432164558,0.094014603,0.011794651,0.020248671,0.038779575,0.402997944,0.005,0.012,0.26,0.159,0.563,0.002,0.011,0.987,0.844440639,0,0,0.013487586,0,0,0.126488641,0,0,0,0,0,0,0,0,0,1,17,3,,,
2,30,0.056,0.275,0.668,0.223539461,0.383743168,0.187221017,0.051457102,0.03981941,0.114219842,0.001,0.439,0.18,0.015,0.366,0,0,0,0.924136221,0,0,0.036973026,0,0,0.012490256,0,0,0,0,0,0,0,0,0,2,17,3,,,
8,49,0.025,0.189,0.787,0.484700255,0.116350629,0.03271192,0.040683059,0.124512518,0.201041619,0.005,0.058,0.329,0.057,0.552,0.019,0.143,0.838,0.101550162,0,0,0.230353057,0,0,0,0,0,0,0,0,0,0,0.506191731,0,2,14,4,,,
4,20,0.862,0.114,0.024,0.081624965,0.188793733,0.396865727,0,0.228745155,0.103970421,0.248,0.047,0.36,0.064,0.281,0,0,0,0.045937959,0,0.124540329,0.734297633,0,0,0,0,0,0,0,0,0,0,0,0,2,11,3,,,
2,43,0.283,0.693,0.024,0.092542249,0.206924307,0.19755516,0.073250034,0.30170961,0.128018641,0.001,0.602,0.244,0.001,0.152,0,0,0,0,0,0,0.304943502,0.314689457,0,0,0,0,0,0,0.169981748,0,0,0,0,2,0,4,,,
4,48,0.377,0.349,0.274,0.311856849,0.154519837,0.110514258,0.083128918,0.120291615,0.219688524,0.039,0.135,0.203,0.11,0.513,0.132,0.338,0.53,0.530062556,0,0.143415824,0,0,0,0.153684378,0,0,0,0,0,0,0,0,0,2,0,4,,,
3,36,0.96,0.036,0.004,0.067659833,0.211397017,0.309189923,0.02366477,0.32565028,0.062438178,0.012,0.23,0.117,0.004,0.637,0.683,0.026,0.291,0.253627986,0,0.462300092,0,0,0.081683837,0,0,0,0,0,0,0,0,0,0,1,16,3,,,
2,26,0.088,0.691,0.22,0.103559206,0.481458216,0.144858045,0.068651439,0.090842718,0.110630376,0.005,0.44,0.468,0.007,0.08,0,0,0,0.099634044,0,0,0.614682138,0,0.190112621,0,0,0,0,0,0,0,0,0,0,2,26,4,,,
4,87,0.048,0.209,0.743,0.444410993,0.183113567,0.041822117,0.026115179,0.059235586,0.245302558,0.018,0.073,0.428,0.114,0.367,0,0,0,0.034915488,0,0,0.843948007,0,0,0.026690874,0,0,0,0,0,0,0,0,0,2,4,5,,,
2,26,0.171,0.79,0.039,0.02921743,0.269525462,0.270484338,0.241758285,0.13541162,0.053602865,0.003,0.779,0.134,0.002,0.082,0,0,0,0.09363839,0,0.282698154,0.397714913,0,0,0,0,0,0,0,0,0,0,0,0,2,8,3,,,
3,112,0.988,0.011,0.001,0.004797649,0.243861705,0.472089651,0.021721103,0.251580243,0.005949649,0.026,0.529,0.039,0.001,0.404,0,0,0,0,0,0.285666317,0.454699338,0,0,0,0.147492886,0,0,0,0,0,0,0,0,1,8,3,,,
4,34,0.704,0.279,0.018,0.045481625,0.324307332,0.298192957,0.065644349,0.192015278,0.074358458,0.002,0.378,0.479,0.002,0.139,0,0,0,0,0,0.325668275,0.377218187,0,0,0,0,0,0,0.096209921,0,0,0,0,0,2,8,3,,,
4,4,0.019,0.484,0.497,0.315639422,0.111624941,0.104815164,0.056571419,0.131952214,0.279396839,0,0.003,0.902,0.004,0.091,0,0,0,0.497307032,0,0.232078329,0.110832103,0,0,0,0,0,0,0,0,0,0,0,0,2,18,2,,,
1,36,0.104,0.238,0.658,0.166112851,0.201342094,0.088068167,0.010480117,0.170123416,0.363873355,0.022,0.034,0.311,0.135,0.498,0.036,0.06,0.904,0.065635823,0,0,0.612730622,0,0,0,0,0.19077456,0,0,0,0,0,0,0,1,21,4,,,
3,50,0.96,0.03,0.011,0.03934061,0.185206958,0.42919763,0.03555048,0.274379186,0.036325136,0.004,0.494,0.155,0.014,0.333,0,0,0,0.707549512,0,0,0.060639598,0,0,0.089797713,0,0,0,0,0,0,0,0,0,1,21,4,,,
2,47,0.064,0.807,0.129,0.27640635,0.2884706,0.109389852,0.077036422,0.105294272,0.143402502,0.446,0.169,0.24,0.056,0.09,0,0,0,0,0,0.037662774,0.811584115,0,0.044597019,0,0,0,0,0,0,0,0,0,0,2,3,5,,,
4,91,0.064,0.185,0.751,0.469407591,0.127398456,0.052253954,0.011681973,0.019482252,0.319775775,0.012,0.06,0.21,0.249,0.469,0.002,0.001,0.997,0.045846704,0,0.021529073,0.922768116,0,0,0,0,0,0,0,0,0,0,0,0,2,3,5,,,
5,82,0.132,0.243,0.625,0.256141886,0.209632002,0.075312443,0.054537732,0.121284521,0.283091415,0.066,0.438,0.067,0.107,0.322,0,0,0,0.043337941,0,0,0.845104933,0,0,0,0,0,0,0,0,0.063686766,0,0,0,1,3,5,,,
3,107,0.957,0.037,0.007,0.012067894,0.125198979,0.332713308,0.042232299,0.468884107,0.018903414,0.013,0.575,0.073,0.007,0.331,0,0,0,0.688271523,0,0,0,0,0,0.159624547,0,0.094259128,0,0,0,0,0,0,0,1,2,4,,,
4,57,0.912,0.076,0.012,0.095438608,0.177388129,0.152725597,0.108108123,0.346641457,0.119698087,0.14,0.126,0.182,0.02,0.532,0.591,0.386,0.023,0,0,0.217593789,0.544869781,0,0,0,0,0,0,0,0,0,0.07111641,0,0,2,1,4,,,
1,122,0.408,0.379,0.213,0.19045151,0.444255429,0.144682951,0.005218185,0.062650033,0.152741892,0.043,0.183,0.213,0.018,0.543,0.109,0.054,0.837,0.944313526,0,0,0.008407325,0,0,0.019299135,0,0,0,0,0,0,0,0,0,1,29,4,,,
3,119,0.964,0.03,0.006,0.034169806,0.1398818,0.23958044,0.025544736,0.489020418,0.0718028,0.02,0.311,0.11,0.014,0.545,0.905,0.073,0.022,0.366939873,0,0,0.308553606,0,0,0,0,0.117396563,0,0,0,0,0,0,0,1,11,2,,,
3,143,0.948,0.047,0.005,0.012392154,0.361901441,0.253581386,0.015812118,0.336018603,0.020294299,0.037,0.385,0.135,0.007,0.436,0.937,0.036,0.027,0,0,0,0.158656329,0.289460152,0,0,0.262605935,0,0,0,0,0,0,0,0,1,27,4,,,
2,51,0.643,0.348,0.009,0.018931603,0.222140909,0.463286168,0.089989832,0.191711287,0.013940202,0.001,0.898,0.074,0.001,0.025,0,0,0,0,0.123830579,0,0.263523877,0,0,0,0,0,0,0.255258918,0,0,0,0,0,2,17,3,,,
3,94,0.561,0.296,0.142,0.453536544,0.124877884,0.158018342,0,0.077106718,0.186460512,0.035,0.046,0.396,0.026,0.497,0.154,0.123,0.723,0.179081768,0,0,0.353342205,0,0.160394877,0,0,0,0,0,0,0,0,0,0,1,17,3,,,
4,44,0.064,0.247,0.688,0.383200977,0.101224584,0.09113911,0.02792996,0.300738506,0.095766862,0.034,0.055,0.438,0.017,0.456,0.008,0.01,0.982,0.043744288,0,0.086488336,0.760155976,0,0,0,0,0,0,0,0,0,0,0,0,2,17,3,,,
4,28,0.004,0.189,0.807,0.435457486,0.089261855,0.018640421,0.106413255,0.079805076,0.270421906,0.148,0.017,0.489,0.039,0.306,0,0,0,0.334748924,0,0.233755484,0.162742093,0,0,0,0,0,0,0,0,0,0,0,0,2,19,4,,,
2,41,0.298,0.646,0.056,0.084054702,0.397254703,0.242413519,0.093848293,0.100517779,0.081911004,0.002,0.545,0.353,0.001,0.099,0,0,0,0.157638282,0,0.308300227,0.279375136,0,0,0,0,0,0,0,0,0,0,0,0,2,7,5,,,
4,107,0.257,0.398,0.344,0.299921861,0.226891614,0.164861021,0,0.164222739,0.144102766,0.009,0.391,0.109,0.046,0.445,0.077,0.598,0.325,0.51404655,0,0,0.088548616,0,0,0.327031046,0,0,0,0,0,0,0,0,0,2,31,4,,,
1,133,0.102,0.27,0.628,0.425085597,0.165181046,0.202172007,0,0.023165988,0.184395362,0.011,0.026,0.456,0.018,0.489,0.008,0.004,0.989,0.969950616,0.006974582,0,0.007845708,0,0,0,0,0,0,0,0,0,0,0,0,1,9,3,,,
2,34,0.904,0.085,0.011,0.054741651,0.127954721,0.679760818,0.040016926,0.075197963,0.022327922,0.003,0.124,0.096,0.002,0.776,0.651,0.159,0.19,0.26688391,0,0.303306341,0,0,0,0.217032909,0,0,0,0,0,0,0,0,0,2,31,3,,,
4,63,0.866,0.118,0.016,0.017991356,0.530823057,0.225078482,0.045575111,0.14463926,0.035892734,0.004,0.109,0.16,0.002,0.725,0.729,0.074,0.197,0,0,0.095903933,0.763146937,0.044406783,0,0,0,0,0,0,0,0,0,0,0,2,13,4,,,
5,70,0.089,0.295,0.616,0.282409768,0.266661086,0.071221201,0.012177014,0.174131948,0.193398984,0.005,0.198,0.141,0.188,0.468,0.049,0.45,0.5,0.544632852,0,0,0.197811157,0,0,0.104558177,0,0,0,0,0,0,0,0,0,1,13,4,,,
3,108,0.142,0.277,0.581,0.309441035,0.164883484,0.372055921,0.016652208,0.023407791,0.11355956,0.003,0.006,0.365,0.004,0.622,0.004,0.001,0.995,0.922580779,0,0,0.01539741,0,0,0.037548341,0,0,0,0,0,0,0,0,0,1,24,4,,,
2,33,0.193,0.783,0.024,0.071263401,0.170067992,0.350515794,0.234917918,0.105331195,0.0679037,0,0.892,0.073,0.004,0.03,0,0,0,0,0,0.03185986,0,0,0,0,0,0,0,0.009225061,0,0,0,0.92992717,0,2,23,1,,,
3,132,0.555,0.246,0.199,0.08185864,0.182996299,0.444761961,0.077739928,0.124329971,0.088313201,0.041,0.21,0.128,0.067,0.553,0.558,0.076,0.367,0.014318283,0,0,0,0,0,0,0,0,0.15532738,0,0,0,0,0.795267105,0,1,23,1,,,
3,92,0.677,0.261,0.063,0.330543408,0.19734352,0.06827613,0.017788117,0.228919161,0.157129665,0.004,0.128,0.057,0.004,0.808,0.207,0.357,0.436,0.916931868,0,0.012912362,0.032014821,0,0,0,0,0,0,0,0,0,0,0,0,1,13,3,,,
1,59,0.877,0.119,0.004,0.029364282,0.328610419,0.259029238,0.036585643,0.318029463,0.028380956,0.004,0.031,0.382,0,0.583,0.605,0.015,0.379,0.234153092,0,0,0.575919807,0,0.067073144,0,0,0,0,0,0,0,0,0,0,1,13,4,,,
4,107,0.308,0.382,0.31,0.320103673,0.099060297,0.076975407,0.111875464,0.130314366,0.261670793,0.068,0.111,0.177,0.171,0.473,0.162,0.124,0.715,0.150043041,0.715340674,0,0,0,0,0,0,0,0,0.035380293,0,0,0,0,0,2,13,4,,,
5,88,0.65,0.241,0.11,0.047721635,0.62633794,0.1269934,0.010294302,0.134429698,0.054223026,0.028,0.048,0.55,0.002,0.372,0,0,0,0.107702166,0,0,0.82189405,0,0,0,0,0,0,0,0,0,0.037313912,0,0,1,13,4,,,
1,236,0.461,0.214,0.325,0.219396933,0.291977497,0.093077448,0.060000973,0.06487605,0.270671099,0.32,0.024,0.144,0.155,0.357,0.172,0.089,0.739,0,0.399043471,0,0,0,0,0,0,0.171435654,0,0,0,0,0,0.111043401,0,1,9,4,,,
2,64,0.188,0.221,0.591,0.331529303,0.10438257,0.113030637,0.093260177,0.15381659,0.203980723,0.022,0.078,0.143,0.112,0.645,0.091,0.047,0.862,0.023463434,0,0.225234091,0.655661285,0,0,0,0,0,0,0,0,0,0,0,0,2,23,2,,,
2,49,0.041,0.268,0.692,0.487665511,0.13602063,0.169886632,0,0.03686314,0.169564086,0.003,0.014,0.637,0.014,0.331,0,0,0,0.457911283,0,0.110773757,0,0,0,0.236787424,0,0,0,0,0,0,0,0,0,2,28,4,,,
4,45,0.076,0.457,0.467,0.433419398,0.099936602,0.082909968,0.050181265,0.108461446,0.225091321,0.016,0.059,0.214,0.051,0.66,0.022,0.157,0.821,0.077897921,0,0.088423036,0.70931834,0,0,0,0,0,0,0,0,0,0,0,0,2,28,4,,,
4,22,0.004,0.051,0.946,0.242726966,0.037171269,0.005499712,0.031782414,0.08555914,0.597260499,0.01,0.002,0.131,0.307,0.549,0.002,0.057,0.941,0.249200106,0,0.326004088,0.223875865,0,0,0,0,0,0,0,0,0,0,0,0,2,26,3,,,
3,100,0.944,0.051,0.005,0.014997611,0.100605373,0.285717874,0.036771558,0.543799152,0.018108432,0.003,0.339,0.201,0.005,0.452,0.961,0.012,0.027,0.815140605,0,0,0.035718374,0,0,0.062126342,0,0,0,0,0,0,0,0,0,1,12,3,,,
1,86,0.278,0.502,0.22,0.037700979,0.150409482,0.495923193,0.063329619,0.196574962,0.056061764,0.004,0.198,0.308,0.013,0.476,0.351,0.123,0.526,0.173311621,0,0.264583319,0,0,0,0,0,0.37607798,0,0,0,0,0,0,0,1,3,3,,,
2,41,0.249,0.741,0.01,0.03660455,0.305743786,0.274510144,0.254066458,0.080090337,0.048984725,0.001,0.959,0.024,0.001,0.015,0,0,0,0.110856004,0,0.628781438,0.191693783,0,0,0,0,0,0,0,0,0,0,0,0,2,3,3,,,
1,107,0.04,0.28,0.68,0.363109992,0.201140897,0.10270398,0.029511561,0.04105017,0.262483399,0.015,0.015,0.505,0.018,0.446,0,0,0,0.77078402,0,0,0,0.184833273,0,0.014549847,0,0,0,0,0,0,0,0,0,1,25,3,,,
1,36,0.327,0.431,0.242,0.047685389,0.245190972,0.609173556,0.005457438,0.056234807,0.03625784,0.029,0.381,0.476,0.014,0.101,0,0,0,0,0,0.270250917,0.514436126,0,0,0.063814357,0,0,0,0,0,0,0,0,0,1,19,4,,,
1,71,0.45,0.415,0.135,0.033751609,0.535099168,0.287544192,0.006408015,0.088666056,0.04853096,0.021,0.251,0.292,0.008,0.428,0.358,0.172,0.47,0.206047669,0,0,0.698701322,0,0,0.029289952,0,0,0,0,0,0,0,0,0,1,21,3,,,
2,31,0.456,0.522,0.022,0.035845133,0.151887442,0.232209398,0.144638922,0.393764282,0.041654823,0,0.81,0.154,0.001,0.035,0,0,0,0.157019168,0,0,0.490355223,0,0,0.196800932,0,0,0,0,0,0,0,0,0,2,21,3,,,
4,37,0.603,0.378,0.018,0.063933812,0.150013461,0.705260513,0.020725729,0.03804004,0.022026446,0.008,0.128,0.485,0.007,0.372,0,0,0,0,0,0.462702423,0.251195878,0,0.213491723,0,0,0,0,0,0,0,0,0,0,2,10,4,,,
1,90,0.005,0.127,0.868,0.331210795,0.28481215,0.013569582,0.00505069,0.077993091,0.287363692,0.14,0.022,0.105,0.449,0.284,0,0,0,0,0,0,0.422086239,0,0,0,0.106262401,0,0,0,0.379802913,0,0,0,0,1,14,3,,,
2,26,0.262,0.683,0.054,0.055419397,0.383905482,0.217523375,0.071795574,0.18850851,0.082847662,0,0.753,0.219,0.001,0.026,0,0,0,0.021766795,0,0.044800587,0.892378628,0,0,0,0,0,0,0,0,0,0,0,0,2,21,2,,,
4,30,0.12,0.86,0.02,0.045891251,0.410046022,0.260418745,0.088218687,0.105203237,0.090222059,0.003,0.905,0.076,0.001,0.015,0,0,0,0.521168888,0,0.321191669,0,0,0,0,0,0,0,0,0,0.042028792,0,0,0,2,5,4,,,
2,84,0.636,0.177,0.188,0.20530839,0.101599239,0.418794599,0.07322445,0.075702089,0.125371234,0.06,0.047,0.295,0.024,0.574,0.082,0.029,0.889,0,0,0,0.430361092,0,0,0.2462461,0,0,0,0,0,0.083695516,0,0,0,2,5,4,,,
4,35,0.101,0.115,0.783,0.241120639,0.261626602,0.062994377,0.064974045,0.078745678,0.290538659,0.016,0.041,0.161,0.012,0.77,0.005,0.003,0.991,0,0,0.262612104,0.313464522,0,0,0,0,0,0,0.151389152,0,0,0,0,0,2,25,3,,,
2,25,0.556,0.44,0.004,0.017104333,0.35922022,0.343866795,0.042694845,0.186261016,0.050852792,0,0.845,0.128,0,0.026,0,0,0,0.122611806,0,0,0.560202241,0,0.15882352,0,0,0,0,0,0,0,0,0,0,2,7,3,,,
4,40,0.042,0.856,0.103,0.292362859,0.326538263,0.12633093,0.039206317,0.057293594,0.158268038,0.001,0.934,0.031,0.005,0.029,0,0,0,0.33117336,0,0,0.181608543,0,0.211929724,0,0,0,0,0,0,0,0,0,0,2,7,3,,,
1,24,0.903,0.094,0.003,0.020006079,0.163530664,0.22452016,0.040559327,0.494783007,0.056600765,0.007,0.051,0.546,0.002,0.395,0,0,0,0.543037176,0,0.187832087,0,0,0.105413817,0,0,0,0,0,0,0,0,0,0,1,10,4,,,
1,67,0.978,0.019,0.003,0.01514519,0.405271281,0.353734901,0.01598445,0.17031158,0.039552598,0.005,0.164,0.165,0.001,0.664,0.958,0.012,0.029,0.145251319,0,0.211478427,0,0,0,0,0,0.529704928,0,0,0,0,0,0,0,1,6,4,,,
2,103,0.795,0.168,0.037,0.043978056,0.351905764,0.341033708,0.042596881,0.180857227,0.039628364,0.008,0.115,0.41,0.022,0.445,0.514,0.064,0.422,0,0,0,0.689851224,0,0.082210966,0.095638804,0,0,0,0,0,0,0,0,0,2,6,4,,,
1,70,0.3,0.425,0.275,0.382202667,0.195098789,0.062585239,0,0.068583942,0.291529364,0.006,0.359,0.017,0.003,0.615,0.077,0.335,0.588,0.397528678,0,0,0.141047075,0,0,0.369054437,0,0,0,0,0,0,0,0,0,1,29,4,,,
2,73,0.134,0.673,0.193,0.226499284,0.267596527,0.204381311,0.076546903,0.118929298,0.106046676,0.005,0.669,0.107,0.015,0.205,0,0,0,0,0,0.465565682,0.335218936,0,0,0,0,0.07936988,0,0,0,0,0,0,0,2,17,4,,,
2,50,0.084,0.311,0.605,0.086902319,0.048421201,0.019690744,0.769002481,0.011498744,0.064484512,0.068,0.04,0.123,0.174,0.594,0.07,0.137,0.793,0,0,0.101707324,0,0,0,0,0,0.417814493,0,0.44143191,0,0,0,0,0,2,4,4,,,
1,85,0.216,0.174,0.61,0.092875533,0.118438226,0.026803036,0.004095118,0.049284242,0.708503845,0.386,0.079,0.066,0.094,0.375,0,0,0,0.468607694,0,0,0.134278506,0,0,0.278092086,0,0,0,0,0,0,0,0,0,1,13,3,,,
3,176,0.954,0.033,0.013,0.044114075,0.256064007,0.350529665,0.023358953,0.26530851,0.060624791,0.01,0.553,0.15,0.004,0.283,0,0,0,0.849721789,0,0,0.085534282,0,0,0.039363157,0,0,0,0,0,0,0,0,0,1,13,3,,,
2,57,0.147,0.462,0.392,0.222962319,0.186487249,0.105216817,0.032976071,0.134187458,0.318170086,0.033,0.317,0.315,0.027,0.308,0,0,0,0,0,0.024972158,0.871118307,0,0.039122883,0,0,0,0,0,0,0,0,0,0,2,13,2,,,
4,60,0.058,0.166,0.777,0.907086024,0.009309823,0.011586435,0.00284585,0.008383047,0.060788821,0.152,0.011,0.345,0.336,0.156,0,0,0,0.127187595,0,0,0.580804586,0.071407341,0,0,0,0,0,0,0,0,0,0,0,2,13,2,,,
2,35,0.027,0.343,0.629,0.317070403,0.244046271,0.028772076,0.020196176,0.077836503,0.312078571,0.002,0.523,0.282,0.035,0.157,0,0,0,0.062607124,0,0.116688244,0.759272337,0,0,0,0,0,0,0,0,0,0,0,0,2,14,4,,,
4,58,0.167,0.587,0.246,0.280232035,0.219485897,0.073411891,0.071882505,0.217012799,0.137974873,0.006,0.263,0.252,0.029,0.45,0.079,0.093,0.828,0,0,0,0.467384219,0,0,0.105628684,0,0.31207186,0,0,0,0,0,0,0,2,23,5,,,
1,33,0.873,0.112,0.015,0.014179822,0.130333904,0.196533449,0.040768135,0.564436247,0.053748443,0.008,0.24,0.334,0.007,0.41,0.898,0.063,0.039,0.573315263,0,0.137479618,0,0,0,0.185660809,0,0,0,0,0,0,0,0,0,1,1,3,,,
4,36,0.874,0.124,0.003,0.030308397,0.261221566,0.479098309,0.05460186,0.133037059,0.041732809,0.001,0.614,0.198,0.001,0.186,0,0,0,0.103719108,0,0.064937845,0.769951046,0,0,0,0,0,0,0,0,0,0,0,0,2,1,3,,,
4,84,0.616,0.322,0.063,0.130405283,0.228245532,0.264839062,0.099086977,0.2060045,0.071418646,0.003,0.236,0.159,0.007,0.595,0.74,0.088,0.172,0.247803778,0,0,0.05406284,0,0,0.579918921,0,0,0,0,0,0,0,0,0,2,1,4,,,
4,109,0.086,0.73,0.184,0.316193536,0.116117444,0.036144072,0.034266515,0.057474134,0.439804299,0.017,0.01,0.209,0.038,0.726,0.02,0.106,0.874,0.33580938,0,0,0.143657938,0,0,0.269627005,0,0,0,0,0,0,0,0,0,2,15,4,,,
1,108,0.036,0.115,0.849,0.26819983,0.222338337,0.149200443,0.02114349,0.036712675,0.302405226,0.006,0.004,0.452,0.012,0.526,0.009,0.002,0.989,0.965696752,0,0,0,0,0,0.013313149,0,0,0,0.007780592,0,0,0,0,0,1,24,3,,,
1,131,0.854,0.113,0.034,0.081657343,0.150999457,0.62366746,0.023442391,0.071990686,0.048242663,0.017,0.14,0.283,0.005,0.555,0.375,0.027,0.598,0.891212046,0,0,0.006585702,0,0,0,0,0,0,0,0,0,0,0.094644263,0,1,11,4,,,
2,26,0.102,0.885,0.014,0.302660188,0.255034384,0.225485148,0.070555921,0.053716197,0.092548163,0.001,0.882,0.059,0,0.058,0,0,0,0.474682719,0,0.164593726,0.154155746,0,0,0,0,0,0,0,0,0,0,0,0,2,29,3,,,
4,28,0.43,0.535,0.034,0.020243815,0.441094554,0.188520206,0.154929137,0.148901484,0.046310803,0.001,0.931,0.045,0.002,0.021,0,0,0,0.32855013,0,0,0.218870446,0,0.276799798,0,0,0,0,0,0,0,0,0,0,2,29,2,,,
2,28,0.132,0.78,0.088,0.263969028,0.192088015,0.204979728,0.097882524,0.136384239,0.104696465,0.002,0.668,0.254,0.001,0.075,0,0,0,0.792338193,0,0.140572384,0,0,0.029847166,0,0,0,0,0,0,0,0,0,0,2,25,4,,,
4,63,0.902,0.071,0.027,0.034726656,0.250076696,0.288270614,0.036172749,0.36244112,0.028312165,0.013,0.135,0.114,0.023,0.715,0.531,0.032,0.437,0.306328952,0,0,0.346857697,0.116015978,0,0,0,0,0,0,0,0,0,0,0,2,25,4,,,
4,68,0.042,0.328,0.63,0.236921527,0.32213764,0.098930862,0.025519367,0.074028077,0.242462528,0.006,0.093,0.473,0.026,0.403,0,0,0,0.399710476,0,0,0.275453478,0,0,0,0,0,0,0.142040506,0,0,0,0,0,2,20,4,,,
4,33,0.083,0.241,0.676,0.696506447,0.067786581,0.146848088,0.007918393,0.006579193,0.074361299,0.002,0.058,0.318,0.092,0.53,0.002,0.003,0.995,0,0,0.217729494,0,0.226725966,0,0,0,0,0,0,0,0,0,0.286031365,0,2,9,4,,,
2,63,0.21,0.724,0.066,0.071724276,0.363986436,0.22645193,0.120510277,0.128634787,0.088692294,0.001,0.711,0.058,0.006,0.224,0,0,0,0,0,0.095957279,0.697528124,0,0,0.078654148,0,0,0,0,0,0,0,0,0,2,17,4,,,
3,31,0.005,0.067,0.927,0.408850881,0.103478375,0.062286321,0.020218801,0.04822114,0.356944482,0.069,0.075,0.142,0.049,0.665,0.002,0.007,0.991,0.15333508,0,0,0.532039166,0,0,0,0,0,0,0,0,0.131703854,0,0,0,1,17,4,,,
1,78,0.67,0.217,0.113,0.04581422,0.300894435,0.402109807,0.045249189,0.154720802,0.051211548,0.014,0.465,0.074,0.031,0.417,0,0,0,0,0,0.156166807,0.15653868,0,0,0,0,0,0,0,0,0,0,0.409815639,0,1,5,4,,,
4,71,0.053,0.81,0.137,0.348202823,0.250993718,0.058698908,0.061148218,0.039838365,0.241117969,0.001,0.675,0.188,0.018,0.118,0,0,0,0,0,0.010366808,0,0,0,0.026543729,0,0,0,0,0,0,0,0.924040437,0,2,5,4,,,
4,72,0.196,0.377,0.427,0.238409605,0.150591773,0.036848436,0.030160726,0.083615975,0.460373486,0.075,0.03,0.25,0.21,0.434,0.082,0.162,0.757,0.187022045,0,0,0.254543573,0,0,0,0,0.130081713,0,0,0,0,0,0,0,2,5,3,,,
4,78,0.106,0.428,0.466,0.345010616,0.163899414,0.058112966,0.029473788,0.139673159,0.263830056,0.003,0.112,0.266,0.012,0.608,0.073,0.285,0.641,0.428314924,0.195047349,0.117633268,0,0,0,0,0,0,0,0,0,0,0,0,0,2,8,4,,,
1,37,0.793,0.188,0.019,0.031602103,0.185339832,0.468739794,0.024014827,0.253310458,0.036992986,0.007,0.311,0.181,0.004,0.497,0.888,0.03,0.082,0.453358382,0,0,0.152604014,0,0,0.11727982,0,0,0,0,0,0,0,0,0,1,18,2,,,
2,26,0.183,0.784,0.033,0.022146479,0.517096181,0.239386863,0.071417673,0.097040596,0.052912209,0.001,0.95,0.022,0.001,0.025,0,0,0,0.247301564,0,0.185371727,0.307176083,0,0,0,0,0,0,0,0,0,0,0,0,2,18,2,,,
4,54,0.15,0.801,0.049,0.12270364,0.310414096,0.345421141,0.088310136,0.07130297,0.061848017,0.001,0.933,0.02,0.001,0.045,0,0,0,0,0,0,0.037643977,0,0,0,0,0.0340808,0,0.850987256,0,0,0,0,0,2,11,4,,,
5,116,0.914,0.055,0.03,0.052123394,0.284266192,0.295115846,0.080413094,0.216951295,0.07113018,0.01,0.374,0.117,0.005,0.494,0.655,0.035,0.311,0.142394751,0,0,0.388806164,0,0.23026599,0,0,0,0,0,0,0,0,0,0,1,11,4,,,
4,101,0.058,0.254,0.688,0.455542308,0.052343292,0.03180122,0,0.02669144,0.433621741,0.112,0.015,0.182,0.13,0.56,0.004,0.008,0.988,0.583607972,0,0,0.021706022,0,0,0.352614254,0,0,0,0,0,0,0,0,0,2,15,5,,,
5,87,0.883,0.097,0.02,0.097431353,0.092266594,0.159014219,0.085039689,0.491970456,0.074277689,0.054,0.296,0.062,0.024,0.564,0.836,0.059,0.106,0.165468127,0,0.104046665,0,0,0,0.604175627,0,0,0,0,0,0,0,0,0,1,17,4,,,
2,47,0.278,0.555,0.166,0.077089118,0.26059804,0.288840238,0.095239754,0.087395576,0.190837274,0.005,0.024,0.732,0.007,0.232,0,0,0,0.705667317,0,0,0.056218788,0,0,0.121701628,0,0,0,0,0,0,0,0,0,2,0,3,,,
1,77,0.061,0.263,0.677,0.475927859,0.15994739,0.056831712,0,0.054919616,0.252373424,0.012,0.044,0.299,0.05,0.595,0.017,0.109,0.874,0.970965087,0,0.005267373,0.008643456,0,0,0,0,0,0,0,0,0,0,0,0,1,28,4,,,
1,41,0.006,0.095,0.899,0.378149285,0.281764802,0.04559004,0.01853448,0.030512276,0.245449117,0.003,0.128,0.397,0.024,0.448,0.004,0.007,0.989,0.107260153,0,0.036622785,0.77568984,0,0,0,0,0,0,0,0,0,0,0,0,1,29,4,,,
2,82,0.875,0.107,0.018,0.017011841,0.396230286,0.312150827,0.048577559,0.097535704,0.128493784,0.036,0.723,0.086,0.002,0.153,0,0,0,0.207962915,0,0,0,0,0,0.606362164,0,0,0,0.044638753,0,0,0,0,0,2,12,3,,,
4,58,0.939,0.059,0.003,0.001591525,0.52888337,0.296018737,0.006880625,0.164756447,0.001869295,0.007,0.177,0.097,0,0.719,0.889,0.069,0.041,0.425471664,0,0,0.301020801,0.088911787,0,0,0,0,0,0,0,0,0,0,0,2,12,3,,,
4,83,0.532,0.452,0.016,0.060911264,0.155135133,0.205515541,0.219558223,0.289331118,0.069548721,0.003,0.818,0.074,0.002,0.103,0,0,0,0.099333957,0,0,0.340736747,0,0,0,0,0.332165152,0,0,0,0,0,0,0,2,19,2,,,
1,37,0.921,0.055,0.024,0.009618564,0.089686164,0.228560392,0.045550191,0.591395919,0.035188771,0.006,0.106,0.305,0.004,0.579,0.898,0.011,0.092,0.152028769,0,0.143654555,0.508717418,0,0,0,0,0,0,0,0,0,0,0,0,1,1,4,,,
1,156,0.673,0.268,0.058,0.091067266,0.170272244,0.177331643,0.024604797,0.38519658,0.151527471,0.016,0.134,0.509,0.024,0.318,0,0,0,0.819665492,0,0,0.015948428,0,0,0.125820696,0,0,0,0,0,0,0,0,0,1,7,4,,,
3,78,0.033,0.464,0.503,0.412054954,0.190932139,0.125467004,0.036917263,0.04244975,0.19217889,0.004,0.006,0.596,0.005,0.389,0,0,0,0.016467519,0,0,0.96255213,0,0.007222498,0,0,0,0,0,0,0,0,0,0,1,14,5,,,
3,102,0.805,0.141,0.054,0.164792537,0.227622428,0.196342426,0.017800016,0.231624352,0.161818242,0.044,0.059,0.133,0.006,0.757,0.243,0.095,0.662,0.364550471,0,0,0.546765506,0,0,0.057756748,0,0,0,0,0,0,0,0,0,1,0,4,,,
2,43,0.038,0.148,0.814,0.693861789,0.048285492,0.025194764,0.010782133,0.108483793,0.11339203,0.02,0.006,0.176,0.031,0.767,0.001,0.002,0.998,0,0,0.102929346,0.10317605,0,0,0,0,0.567112982,0,0,0,0,0,0,0,2,26,4,,,
3,51,0.245,0.37,0.385,0.208222266,0.195980942,0.065473717,0.20624867,0.111660982,0.212413424,0.008,0.027,0.246,0.048,0.672,0.134,0.386,0.48,0.059509054,0,0,0.704595327,0,0,0,0,0,0,0,0,0.101004496,0,0,0,1,26,4,,,
2,17,0.026,0.939,0.035,0.071968496,0.563086886,0.076979665,0.098692281,0.074863763,0.114408909,0,0.117,0.849,0,0.033,0,0,0,0.307450324,0,0.208312213,0.325496316,0,0,0,0,0,0,0,0,0,0,0,0,2,30,2,,,
3,48,0.953,0.044,0.003,0.004985713,0.464319822,0.451174845,0.010779953,0.046727259,0.022012409,0.006,0.086,0.245,0.001,0.663,0.971,0.008,0.021,0.416310459,0,0.177706197,0.206177652,0,0,0,0,0,0,0,0,0,0,0,0,1,30,2,,,
1,49,0.124,0.223,0.653,0.252782996,0.20376187,0.130139719,0.05445115,0.060631706,0.298232559,0.02,0.035,0.453,0.031,0.461,0.023,0.038,0.939,0.788751185,0,0.072624803,0,0,0,0.065538809,0,0,0,0,0,0,0,0,0,1,22,4,,,
3,61,0.139,0.128,0.733,0.217820421,0.210178232,0.122057394,0.049912781,0.106507792,0.293523381,0.027,0.16,0.172,0.083,0.558,0.049,0.014,0.937,0,0,0.026902555,0.927295089,0,0,0,0,0.027357565,0,0,0,0,0,0,0,1,22,4,,,
3,131,0.58,0.371,0.049,0.109506104,0.145231654,0.223651849,0.374218992,0.084797555,0.062593847,0.006,0.155,0.24,0.009,0.589,0.509,0.077,0.414,0.501150012,0,0.211057946,0.140007481,0,0,0,0,0,0,0,0,0,0,0,0,1,5,1,,,
1,98,0.485,0.354,0.16,0.121473979,0.533258966,0.135423376,0.011099015,0.050614511,0.148130152,0.002,0.033,0.636,0.002,0.327,0,0,0,0.33022657,0,0,0.442727476,0,0,0.07029105,0,0,0,0,0,0,0,0,0,1,13,4,,,
2,62,0.055,0.301,0.644,0.293949797,0.248120822,0.121049476,0.042955246,0.160679689,0.13324497,0.013,0.109,0.43,0.037,0.41,0,0,0,0,0,0.100138471,0.433168382,0,0,0,0,0,0,0,0,0,0,0.361671567,0,2,13,4,,,
3,61,0.586,0.364,0.05,0.069655825,0.463758469,0.121905328,0.023443972,0.170910885,0.150325522,0.003,0.023,0.651,0.001,0.322,0,0,0,0.768420816,0,0.056054432,0.049575608,0,0,0,0,0,0,0,0,0,0,0,0,1,13,4,,,
4,80,0.49,0.227,0.283,0.283637098,0.276102008,0.128751959,0,0.159191038,0.152317897,0.013,0.15,0.159,0.024,0.654,0.141,0.097,0.763,0.351237923,0,0,0.160982296,0,0,0.185404077,0,0,0,0,0,0,0,0,0,2,13,4,,,
3,96,0.554,0.351,0.095,0.037847492,0.159133507,0.774058647,0.002402519,0.015881951,0.010675884,0.001,0.063,0.488,0.002,0.445,0,0,0,0.90657264,0,0,0,0,0,0.068048805,0,0,0.009968823,0,0,0,0,0,0,1,28,4,,,
4,65,0.093,0.414,0.493,0.411930563,0.09397093,0.136654131,0.07771756,0.080117898,0.199608919,0.006,0.019,0.263,0.032,0.68,0.01,0.035,0.955,0.317664892,0,0,0.318002492,0,0,0.09930373,0,0,0,0,0,0,0,0,0,2,28,4,,,
4,54,0.654,0.304,0.042,0.110323046,0.226578017,0.190798831,0.191819187,0.175418424,0.105062496,0.005,0.677,0.16,0.017,0.141,0,0,0,0.444325894,0,0,0.143659428,0,0,0.132358983,0,0,0,0,0,0,0,0,0,2,11,3,,,
3,62,0.402,0.346,0.252,0.136131547,0.239696894,0.347656142,0.01816007,0.127818021,0.130537326,0.009,0.03,0.768,0.016,0.178,0,0,0,0.018421108,0,0.148250252,0.812732518,0,0,0,0,0,0,0,0,0,0,0,0,1,23,3,,,
3,74,0.012,0.209,0.779,0.674031638,0.148531027,0.033893387,0.010152977,0.0129115,0.120479471,0.001,0.019,0.238,0.02,0.723,0,0.006,0.993,0.487019897,0,0,0.272922546,0,0,0,0,0,0,0,0,0.151711986,0,0,0,1,28,3,,,
2,23,0.056,0.649,0.295,0.27506611,0.302056992,0.0404685,0.125899012,0.069798718,0.186710669,0.001,0.83,0.081,0.006,0.082,0,0,0,0,0,0.290986419,0.284641236,0,0,0,0,0,0,0.184873819,0,0,0,0,0,2,22,4,,,
1,68,0.849,0.133,0.018,0.094740404,0.192924376,0.437861223,0.008152979,0.192888301,0.073432717,0.011,0.673,0.071,0.006,0.238,0,0,0,0.377212375,0,0,0.414508194,0.098708168,0,0,0,0,0,0,0,0,0,0,0,1,18,5,,,
4,69,0.839,0.148,0.013,0.074174533,0.244609026,0.440434911,0.053413845,0.154290305,0.03307738,0.005,0.246,0.117,0.003,0.629,0.549,0.135,0.315,0.209274858,0,0.442320108,0,0,0.137986437,0,0,0,0,0,0,0,0,0,0,2,18,5,,,
1,79,0.762,0.213,0.025,0.03873884,0.233461586,0.293398457,0.070538141,0.296282582,0.067580393,0.007,0.226,0.236,0.002,0.53,0.922,0.015,0.063,0.079516493,0,0,0.831620872,0,0,0.031382941,0,0,0,0,0,0,0,0,0,1,16,4,,,
1,100,0.776,0.145,0.079,0.026404103,0.158972847,0.131433436,0.48449639,0.128093676,0.070599548,0.097,0.027,0.3,0.009,0.567,0.834,0.108,0.058,0.349654108,0,0.264396995,0.182209492,0,0,0,0,0,0,0,0,0,0,0,0,1,11,4,,,
1,114,0.892,0.1,0.009,0.015698389,0.577619932,0.29782342,0.015289807,0.055636455,0.037931997,0.017,0.101,0.29,0.003,0.589,0.826,0.076,0.098,0.809751153,0,0,0.089292891,0,0.029422771,0,0,0,0,0,0,0,0,0,0,1,30,3,,,
2,30,0.031,0.28,0.689,0.308546531,0.210764195,0.04820073,0.045051016,0.137763153,0.249674376,0.007,0.063,0.601,0.04,0.289,0,0,0,0.109780781,0,0,0.759186268,0,0.051568318,0,0,0,0,0,0,0,0,0,0,2,24,4,,,
3,76,0.109,0.371,0.52,0.318667562,0.139808492,0.132828587,0.029080828,0.042159903,0.33745463,0.025,0.002,0.599,0.039,0.335,0,0,0,0.345114917,0,0,0.581872582,0,0,0.031127535,0,0,0,0,0,0,0,0,0,1,24,4,,,
4,82,0.189,0.426,0.384,0.31932428,0.243789796,0.132491031,0,0.054616852,0.249778041,0.012,0.03,0.428,0.014,0.516,0.052,0.05,0.898,0.094134711,0,0,0.715079784,0,0,0.047205031,0,0,0,0,0,0,0,0,0,2,24,4,,,
2,77,0.813,0.175,0.012,0.037311166,0.216909892,0.273361868,0.10914841,0.333156615,0.03011205,0.003,0.257,0.282,0.005,0.453,0.857,0.056,0.087,0.482062399,0,0,0.249231622,0,0,0.128511071,0,0,0,0,0,0,0,0,0,2,9,5,,,
4,93,0.328,0.521,0.151,0.518118973,0.088454307,0.061462378,0.046537181,0.074935847,0.210491315,0.039,0.018,0.252,0.014,0.677,0.186,0.463,0.351,0.41995132,0,0.236332402,0,0,0,0,0,0,0,0,0,0,0,0,0.229727775,2,9,5,,,
1,46,0.722,0.228,0.05,0.132996568,0.14956063,0.175046754,0.147347159,0.281270808,0.113778081,0.035,0.097,0.417,0.018,0.433,0.603,0.112,0.285,0.894993722,0,0,0.020648714,0,0,0.024317807,0,0,0,0,0,0,0,0,0,1,15,5,,,
4,51,0.003,0.036,0.962,0.611777417,0.077130273,0.051942393,0.001859998,0.033217818,0.2240721,0.027,0.011,0.33,0.013,0.618,0,0.001,0.998,0.042189334,0,0.061406899,0.819706738,0,0,0,0,0,0,0,0,0,0,0,0,2,15,5,,,
2,21,0.145,0.73,0.126,0.107594744,0.428996571,0.147988377,0.095072038,0.083692757,0.136655513,0.001,0.835,0.128,0.003,0.033,0,0,0,0,0,0.540874898,0.20625101,0,0,0,0.060338002,0,0,0,0,0,0,0,0,2,9,3,,,
1,1,0.036,0.677,0.287,0.306753989,0.142937921,0.119024969,0.093281563,0.086181963,0.251819596,0.219,0.052,0.125,0.568,0.037,0,0,0,0.430969954,0,0.145615295,0.083114855,0,0,0,0,0,0,0,0,0,0,0,0,1,1,4,,,
1,72,0.575,0.349,0.076,0.022622855,0.104599523,0.852730638,0.002416338,0.009947323,0.007683323,0.001,0.016,0.722,0.001,0.261,0,0,0,0.92963779,0,0.025528617,0,0,0,0.034531269,0,0,0,0,0,0,0,0,0,1,24,3,,,
2,196,0.013,0.052,0.935,0.418457027,0.257463094,0.015472432,0.017288436,0.022716431,0.268602581,0.047,0.118,0.204,0.146,0.485,0.008,0.024,0.968,0,0,0,0.951209724,0,0,0,0,0,0,0,0,0.01346263,0,0.008665187,0,2,26,5,,,
4,139,0.371,0.425,0.204,0.202400417,0.271714142,0.199789827,0.059017685,0.146501408,0.120576522,0.004,0.073,0.201,0.007,0.715,0.186,0.03,0.785,0.967609882,0,0,0.013726664,0,0,0,0,0,0,0,0,0.005238782,0,0,0,2,26,5,,,
3,88,0.46,0.413,0.127,0.199865872,0.126655137,0.242751888,0.112373789,0.107320076,0.211033239,0.017,0.013,0.599,0.008,0.364,0,0,0,0.031884313,0,0.952529907,0,0,0,0,0,0.004812601,0,0,0,0,0,0,0,1,29,4,,,
4,70,0.015,0.035,0.95,0.406929613,0.058216133,0.023804318,0.008656336,0.055287545,0.447106055,0.099,0.011,0.061,0.058,0.771,0,0.001,0.998,0,0,0.160859138,0.601718247,0,0.115243278,0,0,0,0,0,0,0,0,0,0,2,29,4,,,
1,64,0.378,0.432,0.191,0.108531007,0.250349621,0.322388284,0.043222172,0.14098225,0.134526667,0.022,0.309,0.212,0.051,0.405,0.327,0.239,0.434,0.846519411,0,0,0.053742223,0.025543913,0,0,0,0,0,0,0,0,0,0,0,1,17,4,,,
2,73,0.143,0.561,0.296,0.349299813,0.222060368,0.081285096,0,0.082161643,0.26519308,0.006,0.253,0.24,0.027,0.474,0.043,0.139,0.818,0.514111161,0,0.088394843,0.187797621,0,0,0,0,0,0,0,0,0,0,0,0,2,17,4,,,
1,134,0.887,0.077,0.035,0.025053581,0.190062857,0.337847688,0.029885449,0.37103739,0.046113035,0.033,0.289,0.088,0.005,0.585,0.871,0.037,0.092,0.78221345,0,0.075112015,0,0,0,0.032025088,0,0,0,0,0,0,0,0,0,1,2,3,,,
1,178,0.34,0.465,0.194,0.169232695,0.284630755,0.237802137,0.027130392,0.066544408,0.214659614,0.033,0.099,0.379,0.015,0.473,0.173,0.218,0.609,0.041962352,0,0,0.057186507,0,0,0,0,0,0,0,0,0,0,0.831905544,0,1,31,4,,,
4,96,0.365,0.446,0.188,0.213223606,0.237311769,0.186224357,0,0.163894186,0.199346083,0.004,0.378,0.288,0.025,0.304,0,0,0,0.065936908,0,0,0.278073877,0,0,0,0,0,0,0,0,0,0,0.445508778,0,2,31,4,,,
1,118,0.013,0.197,0.79,0.554904619,0.255457588,0.049618409,0,0.01319399,0.126825395,0.012,0.021,0.372,0.032,0.562,0.002,0.006,0.992,0.298531562,0,0,0.387045592,0,0,0.238361552,0,0,0,0,0,0,0,0,0,1,19,3,,,
1,131,0.585,0.381,0.034,0.161154655,0.392595386,0.192481617,0.026421377,0.069921022,0.157425943,0.009,0.114,0.083,0.001,0.792,0.626,0.3,0.074,0.894732356,0,0,0,0,0,0.067298219,0,0,0,0,0,0,0,0,0.021967769,1,0,4,,,
2,32,0.634,0.355,0.011,0.031522876,0.445913737,0.192758358,0.084756522,0.175981647,0.06906686,0.012,0.35,0.52,0.003,0.114,0,0,0,0.054610461,0,0.127950072,0.638750434,0,0,0,0,0,0,0,0,0,0,0,0,2,0,4,,,
1,146,0.423,0.393,0.185,0.130432383,0.281105319,0.351800034,0.051610677,0.123817531,0.061234055,0.005,0.18,0.591,0.009,0.215,0,0,0,0.966664374,0,0,0.016724154,0,0,0.004679818,0,0,0,0,0,0,0,0,0,1,23,4,,,
4,113,0.205,0.236,0.558,0.315365287,0.152431705,0.113257036,0.099228923,0.115806484,0.203910565,0.011,0.042,0.111,0.056,0.779,0.106,0.053,0.841,0.476128548,0,0,0.277022541,0,0,0,0,0,0,0,0,0.115347937,0,0,0,2,28,4,,,
3,19,0.037,0.486,0.477,0.254082524,0.171552894,0.188237014,0.070413474,0.113613662,0.202100432,0.004,0.008,0.819,0.007,0.163,0,0,0,0,0,0.202760071,0.40261212,0.153201729,0,0,0,0,0,0,0,0,0,0,0,1,22,4,,,
1,84,0.294,0.188,0.518,0.248578909,0.216943977,0.193247468,0.031085168,0.085193497,0.224950981,0.022,0.052,0.345,0.053,0.528,0.053,0.027,0.92,0.647716701,0,0.059244391,0.077649131,0,0,0,0,0,0,0,0,0,0,0,0,1,29,4,,,
1,142,0.049,0.386,0.565,0.339572268,0.096179322,0.137549186,0.028358508,0.039323552,0.359017165,0.09,0.026,0.385,0.068,0.431,0.032,0.108,0.86,0.526015937,0.409425527,0.03592201,0,0,0,0,0,0,0,0,0,0,0,0,0,1,25,4,,,
3,24,0.029,0.331,0.64,0.334048352,0.170992592,0.168992768,0,0.048627659,0.277338629,0.023,0.052,0.753,0.075,0.098,0,0,0,0.190757737,0,0.392411321,0.217135191,0,0,0,0,0,0,0,0,0,0,0,0,1,3,4,,,
1,34,0.121,0.673,0.206,0.10418711,0.280662129,0.302493221,0.069117376,0.074432207,0.169107957,0.003,0.008,0.753,0.004,0.233,0,0,0,0.260107487,0.03380736,0,0.669516265,0,0,0,0,0,0,0,0,0,0,0,0,1,24,3,,,
3,40,0.174,0.299,0.527,0.410324544,0.112647811,0.148409758,0.033714532,0.089198582,0.205704774,0.016,0.045,0.278,0.06,0.602,0.014,0.021,0.965,0.13742958,0,0.257324487,0.536151946,0,0,0,0,0,0,0,0,0,0,0,0,1,24,3,,,
3,47,0.203,0.467,0.33,0.161522633,0.362130121,0.241916955,0.050660296,0.07185171,0.111918286,0.003,0.207,0.498,0.005,0.287,0,0,0,0.389485121,0,0,0.189948082,0,0,0,0.143435642,0,0,0,0,0,0,0,0,1,14,4,,,
4,54,0.032,0.145,0.823,0.309412253,0.220350256,0.11353303,0,0.172790559,0.183913902,0.01,0.016,0.719,0.034,0.222,0,0,0,0,0,0.054789614,0.805366755,0.036472019,0,0,0,0,0,0,0,0,0,0,0,2,3,4,,,
5,56,0.01,0.129,0.861,0.677598042,0.164283045,0.009027065,0,0.019572287,0.129519561,0.002,0.06,0.119,0.005,0.814,0.001,0.015,0.984,0.469450921,0,0.105335869,0.361520052,0,0,0,0,0,0,0,0,0,0,0,0,1,3,4,,,
1,35,0.786,0.179,0.036,0.138889512,0.082095211,0.242116178,0.078591046,0.371672476,0.086635577,0.035,0.209,0.183,0.008,0.565,0.692,0.053,0.255,0.356283724,0,0.29282856,0.152369112,0,0,0,0,0,0,0,0,0,0,0,0,1,6,3,,,
2,9,0.021,0.948,0.031,0.032669875,0.19722976,0.459879391,0.068176676,0.193363401,0.048680898,0,0.972,0.026,0,0.002,0,0,0,0.308272362,0,0,0.134994596,0,0,0,0,0,0,0.146382794,0,0,0,0,0,2,6,3,,,
3,127,0.802,0.179,0.019,0.040836605,0.121543844,0.295908213,0.112623073,0.382150721,0.046937543,0.003,0.19,0.311,0.004,0.492,0.776,0.034,0.19,0.940067768,0,0,0.01189138,0,0,0.041458018,0,0,0,0,0,0,0,0,0,1,18,4,,,
1,61,0.682,0.289,0.029,0.03700094,0.319323227,0.443843526,0.015689158,0.131739885,0.052403265,0.008,0.116,0.627,0.001,0.249,0,0,0,0.921987593,0,0,0,0,0,0.037585706,0,0,0.011612925,0,0,0,0,0,0,1,10,3,,,
3,53,0.242,0.591,0.167,0.299045846,0.11210071,0.095850478,0.07603893,0.146524847,0.270439189,0.003,0.101,0.261,0.017,0.618,0.238,0.203,0.559,0.726970911,0,0.034450084,0,0,0,0.163733542,0,0,0,0,0,0,0,0,0,1,31,3,,,
4,66,0.908,0.091,0.001,0.004642181,0.499899574,0.284072934,0.018596262,0.161215729,0.03157332,0.002,0.603,0.15,0,0.245,0,0,0,0,0,0,0.978845477,0.005250712,0.004673796,0,0,0,0,0,0,0,0,0,0,2,17,3,,,
1,69,0.291,0.605,0.104,0.082856789,0.431409246,0.082024527,0.02907935,0.070333906,0.304296183,0.004,0.008,0.654,0.006,0.328,0,0,0,0.972691953,0,0,0,0,0,0.002986847,0,0,0.014475911,0,0,0,0,0,0,1,5,4,,,
2,53,0.876,0.115,0.009,0.03108986,0.512657429,0.185015606,0.082200167,0.118248717,0.070788222,0.006,0.241,0.327,0.002,0.424,0.922,0.057,0.021,0,0,0.017268878,0.954135656,0,0.011512864,0,0,0,0,0,0,0,0,0,0,2,5,4,,,
4,78,0.286,0.593,0.121,0.128934992,0.361269727,0.072583711,0.028908336,0.072460707,0.335842528,0.016,0.11,0.355,0.015,0.504,0.156,0.786,0.058,0,0,0,0.998066723,0,0,0,0,0,0,0,0,6.33E-04,3.34E-04,0,0,2,5,4,,,
4,34,0.109,0.446,0.445,0.248148492,0.199362783,0.101081203,0.172063923,0.141425816,0.137917784,0.003,0.014,0.596,0.02,0.367,0,0,0,0,0,0.042628244,0.791737437,0.103627622,0,0,0,0,0,0,0,0,0,0,0,2,17,3,,,
3,85,0.913,0.077,0.01,0.087426647,0.229856229,0.333286391,0.052001079,0.236593706,0.060835948,0.005,0.253,0.216,0.004,0.522,0.655,0.051,0.294,0.541520596,0,0,0.122627296,0,0,0.115535729,0,0,0,0,0,0,0,0,0,1,4,4,,,
2,25,0.596,0.392,0.011,0.113138672,0.161215375,0.275931788,0.174130207,0.221291196,0.054292762,0.014,0.201,0.604,0.003,0.178,0,0,0,0.155716032,0,0,0.313017637,0,0,0.176215112,0,0,0,0,0,0,0,0,0,2,9,3,,,
3,39,0.892,0.089,0.02,0.006506063,0.379283452,0.418157134,0.011091302,0.178901814,0.006060235,0.006,0.131,0.242,0.001,0.62,0.901,0.056,0.043,0.250412107,0,0.09456826,0,0,0,0.423242003,0,0,0,0,0,0,0,0,0,1,4,4,,,
4,10,0.015,0.101,0.884,0.417028749,0.136570016,0.041507136,0.105154861,0.067441548,0.23229769,0.007,0.003,0.195,0.161,0.634,0,0.001,0.999,0.482490689,0,0.092641719,0.283966035,0,0,0,0,0,0,0,0,0,0,0,0,2,10,2,,,
4,48,0.587,0.254,0.159,0.079587715,0.155439397,0.285301929,0.064953762,0.381712665,0.033004532,0.008,0.114,0.251,0.011,0.616,0.069,0.01,0.921,0.072348557,0,0,0.186981022,0,0,0,0,0.569226563,0,0,0,0,0,0,0,2,20,3,,,
1,45,0.663,0.278,0.059,0.014376683,0.147087236,0.744699103,0.015188502,0.051304592,0.027343885,0.006,0.064,0.66,0.003,0.268,0,0,0,0.40713796,0,0.36850065,0,0,0,0.091032662,0,0,0,0,0,0,0,0,0,1,23,3,,,
3,45,0.285,0.559,0.156,0.082677808,0.246594004,0.198343325,0.051548481,0.253909597,0.166926784,0.006,0.213,0.25,0.011,0.52,0.232,0.25,0.518,0.037080605,0,0,0.893597007,0,0,0,0,0,0,0,0,0.034120828,0,0,0,1,26,4,,,
2,37,0.075,0.499,0.425,0.105534291,0.136967908,0.223680108,0.294127877,0.131750614,0.107939202,0.068,0.161,0.419,0.02,0.333,0,0,0,0.469552606,0,0.174188584,0,0,0,0,0.1329083,0,0,0,0,0,0,0,0,2,27,2,,,
2,30,0.07,0.853,0.077,0.212038394,0.251237854,0.150642225,0.08836349,0.191333242,0.106384796,0,0.86,0.118,0.001,0.021,0,0,0,0.04772846,0,0.016058246,0.898010433,0,0,0,0,0,0,0,0,0,0,0,0,2,28,5,,,
4,99,0.886,0.086,0.028,0.07188536,0.279247978,0.115930742,0.008117295,0.184984751,0.339833874,0.124,0.181,0.152,0.024,0.519,0.298,0.152,0.55,0.059052959,0,0,0.809135199,0,0,0.030867843,0,0,0,0,0,0,0,0,0,2,6,3,,,
1,29,0.088,0.503,0.41,0.169835875,0.439747992,0.077472711,0.023099515,0.037146332,0.252697575,0.032,0.033,0.245,0.147,0.543,0.047,0.134,0.819,0.665777028,0,0.084302388,0.123542018,0,0,0,0,0,0,0,0,0,0,0,0,1,19,3,,,
2,48,0.257,0.615,0.129,0.073101667,0.098265094,0.199303775,0.163531143,0.415685145,0.050113176,0.002,0.374,0.359,0.023,0.243,0,0,0,0,0,0.007490431,0.975002468,0,0,0,0,0.003720029,0,0,0,0,0,0,0,2,19,3,,,
1,54,0.875,0.117,0.008,0.003867077,0.515722712,0.375274861,0.017358927,0.057532815,0.030243609,0.002,0.042,0.38,0,0.576,0.941,0.018,0.041,0.529922307,0,0.193962246,0,0,0,0.196784645,0,0,0,0,0,0,0,0,0,1,0,3,,,
4,27,0,0.005,0.995,0.398700882,0.142274296,0.024599478,0.015018401,0.071591023,0.347815921,0.017,0.002,0.035,0.821,0.126,0,0,0,0.632098198,0,0.121273957,0.161558896,0,0,0,0,0,0,0,0,0,0,0,0,2,29,4,,,
4,20,0.015,0.136,0.849,0.484369179,0.165828781,0.02556863,0.033207124,0.026443138,0.264583148,0.011,0.024,0.349,0.127,0.489,0.002,0.006,0.992,0,0,0.237733141,0.571568131,0,0.062625915,0,0,0,0,0,0,0,0,0,0,2,16,4,,,
1,61,0.103,0.409,0.488,0.214424368,0.150581897,0.092935019,0.034978733,0.11484302,0.392236962,0.118,0.031,0.174,0.143,0.533,0.152,0.071,0.777,0.305719376,0,0,0,0.149474889,0,0,0,0.192257196,0,0,0,0,0,0,0,1,17,3,,,
3,33,0.629,0.342,0.029,0.055250425,0.173562277,0.333258029,0.196697192,0.219042107,0.02218997,0.004,0.166,0.26,0.006,0.564,0.871,0.022,0.107,0.407369286,0,0,0.286502808,0,0,0,0.091155469,0,0,0,0,0,0,0,0,1,2,3,,,
1,48,0.767,0.195,0.038,0.028476353,0.191341143,0.505311763,0.064548216,0.133240403,0.077082123,0.012,0.041,0.553,0.005,0.389,0,0,0,0.454572827,0,0,0.339306921,0,0.04804118,0,0,0,0,0,0,0,0,0,0,1,29,3,,,
3,100,0.053,0.266,0.681,0.573995675,0.229968668,0.067450989,0.004889326,0.014828058,0.108867284,0.005,0.015,0.212,0.007,0.761,0.003,0.003,0.994,0.567571282,0,0.145930156,0,0,0,0.148150802,0,0,0,0,0,0,0,0,0,1,26,4,,,
4,63,0.095,0.655,0.251,0.056639202,0.433391797,0.236021832,0.052672479,0.106990365,0.114284325,0.009,0.019,0.539,0.006,0.428,0,0,0,0.608631074,0,0.091823384,0,0,0,0.117742546,0,0,0,0,0,0,0,0,0,2,26,4,,,
1,86,0.819,0.167,0.014,0.017102083,0.214215661,0.465616124,0.021055743,0.242295565,0.039714824,0.005,0.559,0.204,0.002,0.23,0,0,0,0.496210367,0,0,0.178762734,0,0,0,0,0.142608047,0,0,0,0,0,0,0,1,13,3,,,
3,115,0.915,0.079,0.006,0.053524973,0.217068826,0.259044193,0.023182812,0.356230755,0.090948441,0.005,0.183,0.278,0.005,0.529,0.893,0.058,0.049,0.400232822,0.131836385,0,0,0,0,0,0,0.276383042,0,0,0,0,0,0,0,1,13,3,,,
4,102,0.848,0.112,0.04,0.039107723,0.30123534,0.322672589,0.039480602,0.266727526,0.030776221,0.011,0.301,0.156,0.006,0.527,0.614,0.078,0.308,0.225859076,0,0,0.12700063,0,0,0.444330961,0,0,0,0,0,0,0,0,0,2,4,4,,,
1,17,0.247,0.638,0.115,0.07388697,0.755230638,0.053160533,0.015135665,0.016729449,0.085856745,0.004,0.507,0.24,0.007,0.241,0,0,0,0.452579498,0,0.120222554,0.268757612,0,0,0,0,0,0,0,0,0,0,0,0,1,0,3,,,
1,37,0.161,0.473,0.366,0.13882841,0.301545141,0.176883933,0.109040641,0.087660089,0.186041786,0.006,0.044,0.23,0.029,0.691,0.075,0.173,0.753,0.218946219,0,0.047117062,0.541766584,0,0,0,0,0,0,0,0,0,0,0,0,1,10,2,,,
3,108,0.848,0.122,0.03,0.033235167,0.25711778,0.347488798,0.063228701,0.234240972,0.064688582,0.146,0.128,0.178,0.017,0.532,0.892,0.039,0.069,0.219372422,0,0.222734571,0,0,0,0.239753425,0,0,0,0,0,0,0,0,0,1,10,2,,,
3,52,0.32,0.433,0.247,0.212841561,0.241815197,0.168739504,0.162023026,0.101477657,0.113103056,0.005,0.345,0.368,0.012,0.27,0,0,0,0.170746386,0,0,0.581478417,0,0,0.092589602,0,0,0,0,0,0,0,0,0,1,11,4,,,
3,109,0.87,0.099,0.031,0.071065345,0.243120741,0.394729235,0.06384355,0.150426727,0.076814402,0.094,0.069,0.198,0.01,0.629,0.658,0.066,0.276,0,0,0.080334991,0.56813705,0.162697807,0,0,0,0,0,0,0,0,0,0,0,1,5,4,,,
1,36,0.01,0.245,0.745,0.237047332,0.379113147,0.017673953,0.004793285,0.022150189,0.339222094,0.051,0.033,0.148,0.152,0.616,0.024,0.157,0.819,0.115971245,0,0.122434452,0.586785674,0,0,0,0,0,0,0,0,0,0,0,0,1,5,4,,,
3,93,0.719,0.223,0.058,0.032832182,0.574726685,0.28265054,0.014506912,0.036868135,0.058415546,0.003,0.057,0.105,0.002,0.834,0.614,0.176,0.21,0.287532032,0,0,0.278806239,0,0,0,0,0.134650573,0,0,0,0,0,0,0,1,5,4,,,
4,79,0.626,0.34,0.034,0.143166107,0.172953704,0.551693629,0.014387666,0.040709157,0.077089738,0.003,0.02,0.089,0.001,0.887,0.106,0.08,0.814,0.122683018,0,0,0.618789613,0,0.097568989,0,0,0,0,0,0,0,0,0,0,2,0,5,,,
2,65,0.103,0.76,0.137,0.2395199,0.177388985,0.351398833,0.075326992,0.048043336,0.108321954,0.001,0.102,0.72,0.003,0.174,0,0,0,0.026796196,0,0,0.856391907,0,0,0,0,0,0,0,0,0.064360179,0,0,0,2,24,4,,,
3,128,0.254,0.417,0.329,0.359058765,0.172639551,0.14677211,0.060670808,0.03037074,0.230488026,0.007,0.025,0.408,0.047,0.514,0.034,0.078,0.888,0.852070212,0.024248993,0,0,0,0,0.079420149,0,0,0,0,0,0,0,0,0,1,24,4,,,
4,103,0.076,0.225,0.699,0.303455109,0.205156454,0.156986944,0.039258226,0.074702691,0.220440576,0.008,0.016,0.229,0.064,0.684,0.012,0.029,0.959,0.062367346,0,0,0.46336627,0,0,0,0,0,0,0,0.323328525,0,0,0,0,2,24,4,,,
2,35,0.612,0.383,0.005,0.016936117,0.283247111,0.595925284,0.015724453,0.057565196,0.030601839,0,0.867,0.022,0,0.11,0,0,0,0.607270181,0,0.297141254,0,0,0,0.05528691,0,0,0,0,0,0,0,0,0,2,13,4,,,
4,91,0.468,0.292,0.24,0.276826383,0.138979305,0.132995578,0.067121829,0.12497416,0.259102746,0.012,0.152,0.155,0.051,0.63,0.156,0.297,0.547,0.042284109,0,0,0,0,0.021969369,0.880358458,0,0,0,0,0,0,0,0,0,2,13,4,,,
1,80,0.392,0.259,0.349,0.114684158,0.163443457,0.280597928,0.132801264,0.21028555,0.098187644,0.032,0.335,0.198,0.076,0.358,0.155,0.056,0.789,0.881415606,0,0.061556615,0,0,0,0.034683459,0,0,0,0,0,0,0,0,0,1,14,4,,,
3,66,0.075,0.232,0.693,0.306523816,0.212790962,0.055034228,0.008478695,0.065778794,0.351393505,0.017,0.016,0.22,0.031,0.716,0.012,0.012,0.976,0.593457103,0,0,0.09005674,0,0,0.156034187,0,0,0,0,0,0,0,0,0,1,14,4,,,
3,37,0.257,0.653,0.09,0.130364867,0.12395564,0.035191618,0.016331751,0.475069047,0.219087077,0.427,0.002,0.461,0.032,0.078,0,0,0,0,0,0.057408169,0.522491813,0.34951365,0,0,0,0,0,0,0,0,0,0,0,1,3,4,,,
2,40,0.536,0.457,0.008,0.083647326,0.18645022,0.228348366,0.089883684,0.332901678,0.078768726,0.001,0.825,0.095,0.001,0.079,0,0,0,0.877526999,0.016690502,0,0.046397001,0,0,0,0,0,0,0,0,0,0,0,0,2,26,4,,,
2,29,0.059,0.837,0.104,0.307373805,0.22774498,0.050245697,0.065887057,0.096536507,0.252211956,0.005,0.118,0.599,0.006,0.272,0,0,0,0.091817498,0,0,0.636952996,0.075611442,0,0,0,0,0,0,0,0,0,0,0,2,29,3,,,
4,55,0.286,0.501,0.213,0.230271011,0.191587542,0.097618363,0.087448932,0.131855255,0.261218897,0.011,0.069,0.411,0.042,0.466,0.219,0.313,0.468,0.200047627,0,0.194079503,0.544272184,0,0,0,0,0,0,0,0,0,0,0,0,2,7,4,,,
4,41,0.058,0.893,0.049,0.089250411,0.292689638,0.170345487,0.162635427,0.144774555,0.140304482,0.001,0.407,0.395,0.001,0.195,0,0,0,0.515081644,0,0,0.349920541,0,0.04512421,0,0,0,0,0,0,0,0,0,0,2,16,3,,,
2,22,0.045,0.859,0.095,0.045121806,0.636543794,0.142194087,0.036010851,0.073850622,0.066278841,0,0.318,0.559,0.001,0.122,0,0,0,0.031366047,0,0,0.923528194,0,0,0,0,0,0.020154608,0,0,0,0,0,0,2,23,2,,,
3,28,0.045,0.6,0.355,0.348796809,0.20951008,0.075643429,0.048142554,0.04822213,0.269684998,0.024,0.014,0.445,0.252,0.266,0,0,0,0,0,0.177293465,0.146408051,0,0.436581492,0,0,0,0,0,0,0,0,0,0,1,23,2,,,
4,41,0.688,0.249,0.063,0.067124272,0.433623608,0.202090009,0.117962553,0.116182757,0.063016801,0.004,0.042,0.417,0.003,0.535,0.577,0.22,0.203,0.167143747,0,0.546154857,0.204689696,0,0,0,0,0,0,0,0,0,0,0,0,2,23,2,,,
1,40,0.038,0.294,0.667,0.188929935,0.165818526,0.076266969,0.028653176,0.03578624,0.504545155,0.013,0.109,0.335,0.311,0.232,0,0,0,0,0,0.093605354,0.518864334,0,0,0,0,0,0.112806343,0,0,0,0,0,0,1,25,3,,,
2,54,0.224,0.364,0.411,0.253982932,0.168531116,0.235688158,0.095932338,0.13187155,0.113993907,0.002,0.112,0.433,0.023,0.429,0,0,0,0.628955722,0,0,0.121659413,0.098551251,0,0,0,0,0,0,0,0,0,0,0,2,25,3,,,
4,29,0.61,0.341,0.049,0.01746366,0.374994524,0.407009057,0.079721524,0.079329718,0.041481517,0.002,0.102,0.278,0.001,0.618,0.773,0.041,0.186,0.398799896,0,0.318515092,0.109299257,0,0,0,0,0,0,0,0,0,0,0,0,2,24,3,,,
1,74,0.641,0.328,0.031,0.044068689,0.138195883,0.805141929,0.001264836,0.006274729,0.005053934,0.012,0.025,0.654,0,0.309,0,0,0,0.412979335,0,0.052271608,0,0,0,0.480850667,0,0,0,0,0,0,0,0,0,1,10,4,,,
1,83,0.07,0.381,0.549,0.225201706,0.168089681,0.112120921,0.085749245,0.092483513,0.316354935,0.089,0.017,0.351,0.069,0.474,0.072,0.087,0.841,0.194442511,0,0,0.174236774,0,0.423848033,0,0,0,0,0,0,0,0,0,0,1,20,4,,,
3,96,0.631,0.305,0.063,0.033927221,0.154896165,0.732406426,0.012790933,0.042939309,0.023039947,0.001,0.012,0.516,0.001,0.47,0,0,0,0.901775718,0,0,0.04174716,0,0,0.029352123,0,0,0,0,0,0,0,0,0,1,23,5,,,
4,310,0.265,0.353,0.382,0.540974315,0.110273909,0.147063921,0.021180176,0.04108218,0.139425499,0.026,0.155,0.149,0.06,0.61,0.121,0.169,0.711,0.60336405,0.056880564,0,0,0,0,0.330755949,0,0,0,0,0,0,0,0,0,2,23,5,,,
1,111,0.855,0.092,0.052,0.022253728,0.077724553,0.202846898,0.006051062,0.657314874,0.033808886,0.121,0.377,0.069,0.048,0.385,0.885,0.032,0.083,0,0,0,0.179116115,0,0,0,0,0.215660751,0,0,0,0,0.438805968,0,0,1,16,3,,,
2,46,0.705,0.273,0.022,0.035313279,0.132415725,0.207605823,0.047984379,0.519614905,0.05706589,0.003,0.711,0.181,0.002,0.102,0,0,0,0.210413873,0,0.044940349,0.680864573,0,0,0,0,0,0,0,0,0,0,0,0,2,16,3,,,
4,56,0.262,0.643,0.094,0.23455622,0.142208633,0.51098792,0.017678975,0.03406075,0.060507502,0.008,0.316,0.088,0.013,0.575,0.076,0.65,0.275,0.069499739,0,0.285455555,0.397951722,0,0,0,0,0,0,0,0,0,0,0,0,2,2,4,,,
2,57,0.701,0.295,0.004,0.040126464,0.185254076,0.426998966,0.108110779,0.211257861,0.028251854,0,0.571,0.102,0,0.327,0,0,0,0,0,0.212956116,0.456946492,0,0,0.132618159,0,0,0,0,0,0,0,0,0,2,1,4,,,
3,23,0.025,0.235,0.74,0.330721391,0.177744085,0.019992997,0.013256332,0.059353529,0.398931666,0.012,0.033,0.3,0.025,0.63,0.006,0.047,0.946,0.387485415,0,0,0.413609147,0,0.072432108,0,0,0,0,0,0,0,0,0,0,1,19,4,,,
1,38,0.046,0.383,0.57,0.202454602,0.315286997,0.060749456,0.01819761,0.057109293,0.346202042,0.082,0.036,0.19,0.207,0.484,0.044,0.201,0.755,0.165553778,0,0.369342029,0,0,0,0,0,0.275249183,0,0,0,0,0,0,0,1,19,4,,,
2,70,0.932,0.064,0.003,0.011055872,0.481646206,0.283913423,0.07457934,0.126803956,0.022001204,0.004,0.511,0.249,0.001,0.235,0,0,0,0,0,0,0.364733636,0.618759751,0,0,0,0.01003641,0,0,0,0,0,0,0,2,11,3,,,
1,89,0.466,0.364,0.17,0.161014901,0.228433288,0.266025941,0.035035989,0.098492554,0.210997328,0.089,0.078,0.42,0.054,0.359,0,0,0,0,0,0.09707731,0.798823535,0,0,0,0,0,0,0,0,0.055292219,0,0,0,1,29,3,,,
4,16,0.02,0.263,0.717,0.351251852,0.121237899,0.057710485,0.039043249,0.114577375,0.316179139,0.029,0.003,0.681,0.057,0.23,0,0,0,0.369854063,0,0.288228631,0.124971122,0,0,0,0,0,0,0,0,0,0,0,0,2,24,3,,,
2,33,0.14,0.22,0.64,0.151810045,0.099711298,0.130873769,0.115583328,0.364973029,0.137048531,0.005,0.012,0.563,0.182,0.238,0,0,0,0,0,0,0.087636478,0,0,0.832357943,0,0,0,0,0.045684718,0,0,0,0,2,8,4,,,
1,136,0.972,0.026,0.002,0.012833248,0.437781611,0.231791309,0.009178305,0.270451557,0.037963969,0.078,0.044,0.321,0.001,0.556,0.924,0.019,0.058,0.634044349,0,0,0.13969712,0,0,0.077683434,0,0,0,0,0,0,0,0,0,1,12,3,,,
3,84,0.489,0.427,0.084,0.368060348,0.196178373,0.214687317,0.021515252,0.10729457,0.09226414,0.024,0.088,0.221,0.004,0.663,0.631,0.07,0.299,0.442936093,0,0,0.224248663,0,0,0,0,0,0.099300295,0,0,0,0,0,0,1,12,3,,,
1,56,0.002,0.085,0.912,0.226985071,0.394121479,0.03240589,0.003537103,0.034339478,0.308610979,0.009,0.033,0.156,0.498,0.304,0,0,0,0.198728114,0,0.002699694,0,0,0,0,0,0,0,0.794473052,0,0,0,0,0,1,3,3,,,
4,41,0.033,0.617,0.351,0.281932018,0.115281502,0.064528622,0.090163223,0.04447023,0.403624407,0.044,0.055,0.534,0.04,0.327,0,0,0,0.043934349,0,0.021357017,0.881379783,0,0,0,0,0,0,0,0,0,0,0,0,2,21,3,,,
3,72,0.485,0.147,0.368,0.347015496,0.241623843,0.104771143,0.011263449,0.117616292,0.177709777,0.022,0.051,0.252,0.02,0.656,0.066,0.039,0.895,0.153713062,0,0,0.792950451,0,0,0,0,0,0.028391264,0,0,0,0,0,0,1,23,4,,,
4,55,0.712,0.16,0.128,0.126701318,0.234010788,0.234199439,0.086254258,0.214030339,0.104803858,0.01,0.052,0.091,0.018,0.829,0.169,0.07,0.761,0,0,0.21825552,0.698722363,0.020107755,0,0,0,0,0,0,0,0,0,0,0,2,23,4,,,
3,25,0.482,0.485,0.032,0.057736137,0.147367359,0.276486478,0.266652124,0.209247024,0.042510878,0.007,0.267,0.322,0.024,0.38,0.565,0.07,0.365,0.38721031,0,0.319026619,0.094117396,0,0,0,0,0,0,0,0,0,0,0,0,1,16,3,,,
4,35,0.873,0.114,0.013,0.044649571,0.46349339,0.367591155,0.023098068,0.056980898,0.044186918,0.006,0.099,0.178,0.004,0.713,0.565,0.033,0.402,0.212261275,0,0.642452121,0,0,0.047907569,0,0,0,0,0,0,0,0,0,0,2,2,3,,,
3,113,0.029,0.509,0.462,0.628168246,0.143601135,0.053728911,0.005809425,0.016906969,0.151785315,0.002,0.011,0.186,0,0.801,0.004,0.002,0.994,0.438530862,0,0,0.008317788,0,0,0.537138224,0,0,0,0,0,0,0,0,0,1,9,3,,,
3,118,0.571,0.319,0.111,0.198873509,0.241198719,0.292805602,0.012927188,0.184748433,0.069446549,0.009,0.168,0.293,0.005,0.526,0.382,0.074,0.544,0.845220327,0,0,0.103898108,0,0,0,0,0.015074508,0,0,0,0,0,0,0,1,2,4,,,
3,47,0.854,0.131,0.016,0.092244059,0.157304929,0.303845697,0.094783177,0.270027587,0.081794553,0.002,0.109,0.482,0.006,0.4,0,0,0,0.523021877,0,0.11353679,0.162719935,0,0,0,0,0,0,0,0,0,0,0,0,1,15,2,,,
4,28,0.274,0.712,0.013,0.06249864,0.288606033,0.237242123,0.150416919,0.159661043,0.101575242,0,0.774,0.175,0,0.05,0,0,0,0.400372624,0,0.145683602,0.294035792,0,0,0,0,0,0,0,0,0,0,0,0,2,15,2,,,
1,121,0.881,0.101,0.018,0.070563272,0.26163594,0.371064321,0.009330469,0.203866461,0.083539537,0.004,0.716,0.092,0.005,0.182,0,0,0,0.64901787,0,0.04593914,0,0,0,0,0,0.216788858,0,0,0,0,0,0,0,1,13,2,,,
5,33,0.96,0.039,0.002,0.009680592,0.301788606,0.552370092,0.015421744,0.098761536,0.02197743,0.002,0.043,0.14,0,0.815,0.902,0.017,0.081,0.396598399,0,0,0.364794731,0,0,0,0,0,0.112375468,0,0,0,0,0,0,1,21,4,,,
6,109,0.953,0.04,0.008,0.028018939,0.122811086,0.342017148,0.031626475,0.394231253,0.0812951,0.001,0.62,0.115,0.007,0.257,0,0,0,0.796974778,0,0,0.161976188,0,0,0,0,0,0.015303548,0,0,0,0,0,0,2,21,4,,,
8,208,0.901,0.095,0.004,0.056089995,0.205078575,0.352332292,0.045337013,0.284097305,0.057064819,0.008,0.443,0.126,0.008,0.414,0,0,0,0.808143377,0,0,0,0,0,0.055465251,0,0.049539823,0,0,0,0,0,0,0,2,21,4,,,
1,60,0.834,0.13,0.035,0.042242913,0.170763394,0.167012106,0.072816765,0.121766347,0.425398475,0.052,0.245,0.22,0.011,0.472,0.653,0.06,0.287,0.91716814,0.013089446,0.037098363,0,0,0,0,0,0,0,0,0,0,0,0,0,1,8,5,,,
3,128,0.891,0.095,0.014,0.062846159,0.071899327,0.043421876,0.023715896,0.481430409,0.316686333,0.046,0.255,0.369,0.054,0.277,0,0,0,0.958492577,0,0,0,0,0,0.017848803,0,0,0,0,0,0,0,0,0.008827908,1,8,5,,,
4,42,0.082,0.515,0.403,0.331557905,0.132227997,0.281184559,0,0.076688205,0.178341333,0.002,0.091,0.317,0.004,0.586,0.027,0.056,0.917,0.109008789,0,0.078026064,0.721432507,0,0,0,0,0,0,0,0,0,0,0,0,2,8,5,,,
2,212,0.947,0.043,0.009,0.024447149,0.135904627,0.480509286,0.038174342,0.293500475,0.027464121,0.004,0.156,0.073,0.008,0.759,0.815,0.042,0.143,0.891361058,0.003379152,0,0,0,0,0.101416148,0,0,0,0,0,0,0,0,0,2,11,4,,,
1,37,0.06,0.589,0.351,0.293647621,0.272441234,0.16624889,0,0.050509758,0.217152498,0.006,0.174,0.203,0.018,0.599,0.029,0.623,0.348,0.235421136,0,0,0.337242842,0.153257802,0,0,0,0,0,0,0,0,0,0,0,1,7,4,,,
3,55,0.108,0.635,0.257,0.268799568,0.271210774,0.188154805,0.033964449,0.063194272,0.174676131,0.004,0.114,0.351,0.009,0.523,0.068,0.482,0.45,0.066840738,0,0,0.761796355,0,0.043200437,0,0,0,0,0,0,0,0,0,0,1,7,4,,,
4,130,0.671,0.274,0.054,0.081710087,0.117531037,0.729697851,0,0.028700476,0.04236055,0.007,0.05,0.435,0.003,0.506,0.229,0.079,0.691,0.039488915,0,0,0.081907779,0,0,0,0.864200652,0,0,0,0,0,0,0,0,2,7,4,,,
2,40,0.152,0.823,0.025,0.09099525,0.304873242,0.145400355,0.179729591,0.18445913,0.094542433,0,0.67,0.297,0,0.032,0,0,0,0.009870139,0,0.015660169,0.955886662,0,0,0,0,0,0,0,0,0,0,0,0,2,29,4,,,
4,81,0.06,0.319,0.622,0.347735266,0.269082593,0.078836117,0.026574655,0.048688633,0.229082736,0.002,0.011,0.68,0.009,0.299,0,0,0,0.872742057,0.035341822,0,0,0,0,0.027369607,0,0,0,0,0,0,0,0,0,2,29,4,,,
1,36,0.09,0.494,0.415,0.237386541,0.181895969,0.116451018,0.129890294,0.119083716,0.215292462,0.02,0.063,0.247,0.046,0.624,0.066,0.123,0.811,0.35763514,0.141166762,0,0,0,0,0,0,0.149038345,0,0,0,0,0,0,0,1,9,2,,,
4,27,0.689,0.263,0.048,0.066414369,0.231306112,0.350268973,0.218274197,0.099162146,0.034574203,0.003,0.181,0.468,0.008,0.34,0,0,0,0.035545152,0,0.899180412,0.050317895,0,0,0,0,0,0,0,0,0,0,0,0,2,9,2,,,
5,28,0.723,0.212,0.065,0.034709758,0.13941315,0.173418952,0.095706048,0.49883682,0.057915272,0.213,0.3,0.182,0.031,0.274,0,0,0,0.093752205,0,0,0.77194792,0,0,0,0,0,0,0,0,0.06014419,0,0,0,1,2,3,,,
1,75,0.261,0.569,0.17,0.093001994,0.320016031,0.255219945,0.034923518,0.08231774,0.214520772,0.005,0.025,0.538,0.009,0.423,0,0,0,0.92549324,0,0,0.024803542,0,0,0.014375128,0,0,0,0,0,0,0,0,0,1,8,3,,,
1,35,0.468,0.397,0.134,0.093330971,0.307307203,0.208997699,0.043337767,0.151345806,0.195680554,0.065,0.267,0.194,0.02,0.454,0.447,0.057,0.496,0,0,0.690423429,0.054910924,0,0,0,0.136734471,0,0,0,0,0,0,0,0,1,8,3,,,
1,92,0.972,0.025,0.004,0.002405268,0.022171848,0.051718453,0.006513336,0.913180391,0.004010704,0.009,0.202,0.14,0.006,0.643,0.978,0.012,0.01,0.996147275,0.002738582,3.37E-04,0,0,0,0,0,0,0,0,0,0,0,0,0,1,1,2,,,
1,44,0.034,0.418,0.548,0.181813188,0.420006547,0.171236227,0.032123678,0.063696037,0.131124323,0.006,0.188,0.231,0.107,0.468,0.057,0.225,0.718,0.552445591,0,0,0.146238565,0,0,0,0,0.083574332,0,0,0,0,0,0,0,1,25,3,,,
1,106,0.496,0.326,0.178,0.063231944,0.130393018,0.672764605,0.042314366,0.060997172,0.030298896,0.04,0.02,0.629,0.004,0.307,0,0,0,0.501205266,0,0,0.206957549,0,0,0,0.213340402,0,0,0,0,0,0,0,0,1,7,4,,,
2,44,0.703,0.279,0.018,0.021315147,0.261712695,0.423004568,0.127456695,0.096319342,0.070191554,0.004,0.395,0.273,0.002,0.326,0,0,0,0,0,0.121513829,0.181769282,0,0.582278431,0,0,0,0,0,0,0,0,0,0,2,7,4,,,
2,17,0.033,0.701,0.267,0.173571964,0.236981547,0.225007504,0.172773494,0.107383273,0.084282218,0.01,0.003,0.806,0.009,0.172,0,0,0,0.248979509,0,0.235272288,0.412801266,0,0,0,0,0,0,0,0,0,0,0,0,2,22,4,,,
4,42,0.003,0.019,0.978,0.489459927,0.133495455,0.027574577,0.012811278,0.025963979,0.310694785,0.029,0.012,0.235,0.043,0.681,0,0,1,0.37279889,0,0,0.34442234,0,0,0.167187586,0,0,0,0,0,0,0,0,0,2,22,4,,,
1,79,0.354,0.318,0.328,0.082216912,0.108629065,0.228927419,0.19585961,0.264639721,0.119727274,0.288,0.142,0.171,0.034,0.366,0.246,0.201,0.553,0.45012641,0.033806972,0,0,0,0,0.449529707,0,0,0,0,0,0,0,0,0,1,1,4,,,
4,61,0.019,0.226,0.756,0.376266044,0.054610151,0.011846702,0.006278733,0.080323503,0.470674867,0.049,0.011,0.307,0.043,0.589,0,0.005,0.994,0,0,0,0.561580479,0.355208278,0,0.023453116,0,0,0,0,0,0,0,0,0,2,29,4,,,
2,69,0.358,0.609,0.033,0.225942087,0.205661873,0.338205889,0.06981796,0.091773966,0.068598225,0.001,0.584,0.186,0.001,0.228,0,0,0,0.517133534,0,0,0.361934543,0,0,0,0,0,0,0,0,0.042950597,0,0,0,2,18,3,,,
3,80,0.807,0.171,0.022,0.040714997,0.116645822,0.291302201,0.071359795,0.410589927,0.069387258,0.007,0.095,0.505,0.004,0.389,0,0,0,0.858519197,0,0,0,0,0.047775194,0.044799041,0,0,0,0,0,0,0,0,0,1,18,3,,,
4,24,0.6,0.382,0.018,0.009804618,0.053550531,0.056183054,0.850721159,0.017567835,0.012172804,0.002,0.876,0.056,0.001,0.066,0,0,0,0,0,0,0.573295236,0,0,0.0825193,0,0,0,0.086725272,0,0,0,0,0,2,18,3,,,
