utterance_idx,ut_len,Negative_score,Neutral_score,Positivity_score,Happy,Fear,Sad,Bored,Angry,Excited,news,query,spam,marketing,feedback,complaint,suggestion,appreciation,IMPACT,EDUCATION,POLITICS,ENTERTAINMENT,TASTE,SPORTS,HEALTHYLIVING,GREEN,BUSINESS,WORLDPOST,TECH,SCIENCE,ARTS&CULTURE,CRIME,TRAVEL,RELIGION,Talker,context_encoded,Empathy
1,95,0.275,0.437,0.287,0.155295802,0.446474476,0.147019166,0.021908077,0.044091298,0.185211182,0.087,0.072,0.311,0.052,0.477,0.11,0.035,0.855,0.41047281,0.199958995,0.18538186,0.0,0.0,0.0,0.0,0.0,0.0,0.0,0.0,0.0,0.0,0.0,0.0,0.0,1,29,5
1,37,0.959,0.039,0.002,0.007213478,0.189002083,0.455732162,0.007838022,0.330688964,0.009525291,0.005,0.591,0.121,0.002,0.281,0.0,0.0,0.0,0.660638452,0.0,0.085746422,0.0,0.0,0.0,0.222714886,0.0,0.0,0.0,0.0,0.0,0.0,0.0,0.0,0.0,1,2,4
4,44,0.75,0.213,0.036,0.118789421,0.262989233,0.187631712,0.065405111,0.294682973,0.070501549,0.004,0.251,0.272,0.011,0.461,0.312,0.033,0.655,0.477953404,0.0,0.107199229,0.309583515,0.0,0.0,0.0,0.0,0.0,0.0,0.0,0.0,0.0,0.0,0.0,0.0,2,14,4
2,51,0.009,0.053,0.938,0.467231602,0.140425371,0.052720741,0.0,0.076268842,0.263353443,0.055,0.081,0.215,0.143,0.506,0.005,0.029,0.966,0.126880109,0.0,0.0,0.187416807,0.0,0.0,0.0,0.0,0.404118717,0.0,0.0,0.0,0.0,0.0,0.0,0.0,2,26,4
3,79,0.354,0.613,0.033,0.066554116,0.282460543,0.151372448,0.107192952,0.288319667,0.104100274,0.004,0.276,0.361,0.003,0.355,0.0,0.0,0.0,0.0,0.0,0.0,0.625015676,0.0,0.0,0.184977099,0.0,0.0,0.0,0.0,0.101065859,0.0,0.0,0.0,0.0,1,27,3
2,38,0.981,0.019,0.0,0.001402026,0.598150087,0.235284202,0.007340359,0.154098289,0.003725037,0.005,0.094,0.179,0.0,0.721,0.97,0.019,0.011,0.054392524,0.0,0.110140927,0.793489039,0.0,0.0,0.0,0.0,0.0,0.0,0.0,0.0,0.0,0.0,0.0,0.0,2,12,4
3,35,0.755,0.235,0.01,0.024459584,0.609547521,0.162728455,0.019465643,0.166696782,0.017102015,0.002,0.052,0.362,0.001,0.583,0.654,0.074,0.272,0.0,0.0,0.25089258,0.359089673,0.0,0.172645629,0.0,0.0,0.0,0.0,0.0,0.0,0.0,0.0,0.0,0.0,1,12,4
4,32,0.922,0.073,0.005,0.018949166,0.606604795,0.240773774,0.015903569,0.096256784,0.021511911,0.019,0.273,0.196,0.004,0.508,0.771,0.163,0.066,0.117515177,0.0,0.282859325,0.311097741,0.0,0.0,0.0,0.0,0.0,0.0,0.0,0.0,0.0,0.0,0.0,0.0,2,12,4
1,120,0.948,0.048,0.004,0.045411059,0.324401696,0.525308593,0.009126053,0.050670155,0.045082444,0.002,0.04,0.102,0.0,0.855,0.92,0.014,0.066,0.674994946,0.0,0.0,0.044523843,0.0,0.0,0.0,0.0,0.0,0.218378618,0.0,0.0,0.0,0.0,0.0,0.0,1,6,4
6,20,0.875,0.124,0.001,0.060191601,0.197109511,0.451564486,0.103802996,0.11205821,0.075273196,0.003,0.882,0.069,0.0,0.045,0.0,0.0,0.0,0.289384425,0.0,0.607348502,0.0,0.0,0.0,0.0,0.0,0.0,0.0,0.0,0.0,0.0,0.02097122,0.0,0.0,2,6,4
7,60,0.658,0.259,0.083,0.198229044,0.255327213,0.273502175,0.064472945,0.086247518,0.122221104,0.059,0.093,0.187,0.009,0.652,0.449,0.029,0.522,0.0,0.0,0.100407049,0.639047146,0.0,0.0,0.0,0.0,0.0,0.0,0.0,0.0,0.0,0.0,0.073048979,0.0,1,6,4
1,36,0.989,0.009,0.002,0.007419417,0.101970021,0.305429467,0.023538241,0.55073982,0.010903035,0.007,0.454,0.115,0.005,0.42,0.0,0.0,0.0,0.230350852,0.0,0.0,0.675176561,0.0,0.0,0.0,0.0,0.0,0.0,0.0,0.0,0.067913584,0.0,0.0,0.0,1,16,2
3,128,0.114,0.22,0.667,0.317527746,0.124403371,0.082372517,0.057346625,0.103583908,0.314765833,0.046,0.108,0.282,0.069,0.495,0.089,0.07,0.841,0.926005423,0.0,0.0,0.01570571,0.0,0.037188739,0.0,0.0,0.0,0.0,0.0,0.0,0.0,0.0,0.0,0.0,1,4,4
5,51,0.094,0.357,0.549,0.287652005,0.35640864,0.0782255,0.020633837,0.091055032,0.166024986,0.001,0.081,0.168,0.06,0.689,0.053,0.164,0.783,0.744322479,0.0,0.0,0.042308413,0.0,0.0,0.117567256,0.0,0.0,0.0,0.0,0.0,0.0,0.0,0.0,0.0,1,4,4
2,59,0.881,0.107,0.012,0.011673058,0.258420365,0.281401175,0.037509306,0.400287533,0.010708564,0.013,0.02,0.139,0.002,0.826,0.843,0.057,0.1,0.202674598,0.0,0.212431893,0.0,0.0,0.0,0.393877506,0.0,0.0,0.0,0.0,0.0,0.0,0.0,0.0,0.0,2,12,4
3,95,0.92,0.075,0.005,0.025158683,0.545896565,0.277633856,0.0208753,0.076384523,0.054051074,0.015,0.166,0.193,0.004,0.621,0.798,0.145,0.058,0.0,0.0,0.121017993,0.791161239,0.0,0.016901339,0.0,0.0,0.0,0.0,0.0,0.0,0.0,0.0,0.0,0.0,1,15,3
1,47,0.964,0.035,0.001,0.004294702,0.149571816,0.78884518,0.023987593,0.027940066,0.005360644,0.001,0.033,0.255,0.001,0.71,0.969,0.005,0.026,0.693042219,0.0,0.0,0.0,0.0,0.0,0.243995369,0.0,0.0,0.0,0.0,0.0,0.026843296,0.0,0.0,0.0,1,23,2
5,106,0.125,0.419,0.456,0.479308381,0.120740336,0.089475114,0.03893697,0.077925768,0.193613431,0.022,0.027,0.344,0.012,0.596,0.031,0.021,0.949,0.486760587,0.0,0.0,0.098012522,0.0,0.0,0.305012256,0.0,0.0,0.0,0.0,0.0,0.0,0.0,0.0,0.0,1,31,5
1,49,0.071,0.535,0.394,0.167032063,0.440111645,0.181296778,0.014370236,0.096851571,0.100337707,0.005,0.031,0.449,0.002,0.513,0.028,0.011,0.961,0.98252815,0.0,0.0,0.011032772,0.0,0.0,0.003396943,0.0,0.0,0.0,0.0,0.0,0.0,0.0,0.0,0.0,1,22,4
3,82,0.082,0.391,0.527,0.366059952,0.149164976,0.050704335,0.152755422,0.044308328,0.237006988,0.003,0.022,0.151,0.063,0.76,0.016,0.053,0.932,0.572145462,0.0,0.0,0.263463676,0.0,0.0,0.0,0.0,0.061105572,0.0,0.0,0.0,0.0,0.0,0.0,0.0,1,9,5
4,54,0.038,0.425,0.537,0.281634084,0.13505121,0.067784116,0.076927073,0.093158975,0.345444542,0.036,0.023,0.437,0.267,0.238,0.0,0.0,0.0,0.360670149,0.0,0.022883819,0.568941712,0.0,0.0,0.0,0.0,0.0,0.0,0.0,0.0,0.0,0.0,0.0,0.0,2,28,3
4,27,0.287,0.414,0.3,0.063824979,0.152470619,0.323539474,0.023863734,0.370289505,0.066011689,0.001,0.139,0.213,0.008,0.639,0.136,0.14,0.724,0.271930575,0.0,0.025361173,0.670796335,0.0,0.0,0.0,0.0,0.0,0.0,0.0,0.0,0.0,0.0,0.0,0.0,2,31,3
1,75,0.685,0.209,0.106,0.029045621,0.297087282,0.298403838,0.10117461,0.184546568,0.089742081,0.016,0.14,0.289,0.043,0.511,0.606,0.064,0.33,0.95928973,0.0,0.0,0.012456967,0.0,0.0,0.0,0.0,0.0,0.0,0.0,0.0,0.0,0.010541501,0.0,0.0,1,17,4
2,50,0.167,0.531,0.302,0.36586498,0.152537765,0.142990863,0.071171432,0.178726636,0.088708324,0.009,0.313,0.268,0.014,0.396,0.043,0.09,0.867,0.152861506,0.0,0.0,0.426040769,0.0,0.203015775,0.0,0.0,0.0,0.0,0.0,0.0,0.0,0.0,0.0,0.0,2,17,4
4,81,0.426,0.319,0.256,0.147784797,0.140624351,0.143308334,0.155820456,0.209553634,0.202908429,0.046,0.089,0.17,0.086,0.609,0.242,0.381,0.377,0.0,0.0,0.558927953,0.105627663,0.0,0.080205135,0.0,0.0,0.0,0.0,0.0,0.0,0.0,0.0,0.0,0.0,2,17,4
2,63,0.123,0.304,0.573,0.243284018,0.224854223,0.104587924,0.025397589,0.204821929,0.197054318,0.077,0.19,0.203,0.112,0.417,0.075,0.209,0.716,0.048419163,0.0,0.0,0.790066958,0.0,0.05579941,0.0,0.0,0.0,0.0,0.0,0.0,0.0,0.0,0.0,0.0,2,3,4
3,54,0.176,0.28,0.545,0.258427319,0.135789298,0.113728706,0.083444725,0.108804706,0.299805248,0.067,0.08,0.173,0.162,0.518,0.031,0.128,0.841,0.460409969,0.0,0.252902418,0.0,0.0,0.0,0.134413391,0.0,0.0,0.0,0.0,0.0,0.0,0.0,0.0,0.0,1,3,4
2,27,0.065,0.924,0.011,0.064978927,0.350219146,0.277985958,0.12305729,0.081079398,0.102679281,0.0,0.933,0.045,0.0,0.022,0.0,0.0,0.0,0.408699453,0.0,0.0,0.084719978,0.0,0.0,0.0,0.0,0.0,0.0,0.0,0.0,0.148069352,0.0,0.0,0.0,2,24,4
3,146,0.047,0.436,0.518,0.584042127,0.10178055,0.024588669,0.039762721,0.041773369,0.208052565,0.01,0.046,0.224,0.121,0.6,0.017,0.084,0.899,0.261814952,0.0,0.0,0.148849934,0.0,0.0,0.0,0.0,0.0,0.0,0.245305032,0.0,0.0,0.0,0.0,0.0,1,22,3
1,50,0.095,0.261,0.644,0.271239197,0.088878935,0.031372438,0.028380269,0.074214966,0.505914195,0.036,0.013,0.338,0.233,0.38,0.019,0.08,0.901,0.154541239,0.055504687,0.0,0.750643969,0.0,0.0,0.0,0.0,0.0,0.0,0.0,0.0,0.0,0.0,0.0,0.0,1,8,4
3,55,0.27,0.434,0.297,0.175552207,0.165873148,0.110561248,0.050368886,0.223363938,0.274280574,0.009,0.192,0.123,0.043,0.633,0.213,0.196,0.592,0.881987631,0.039626356,0.02311413,0.0,0.0,0.0,0.0,0.0,0.0,0.0,0.0,0.0,0.0,0.0,0.0,0.0,1,8,4
5,30,0.096,0.642,0.262,0.236144937,0.223347581,0.128155381,0.063232846,0.06739267,0.281726585,0.004,0.053,0.492,0.023,0.428,0.0,0.0,0.0,0.634042203,0.0,0.108804673,0.18659386,0.0,0.0,0.0,0.0,0.0,0.0,0.0,0.0,0.0,0.0,0.0,0.0,1,8,4
2,41,0.379,0.463,0.157,0.498390777,0.186497233,0.014523053,0.02083527,0.035661574,0.244092094,0.002,0.014,0.701,0.006,0.277,0.0,0.0,0.0,0.462534457,0.0,0.255687982,0.214138195,0.0,0.0,0.0,0.0,0.0,0.0,0.0,0.0,0.0,0.0,0.0,0.0,2,12,2
4,17,0.148,0.632,0.22,0.203297739,0.108810984,0.098619415,0.152392382,0.093775687,0.343103793,0.041,0.079,0.327,0.026,0.527,0.166,0.075,0.759,0.112665124,0.0,0.17692557,0.236110359,0.0,0.0,0.0,0.0,0.0,0.0,0.0,0.0,0.0,0.0,0.0,0.0,2,12,2
2,31,0.018,0.14,0.843,0.362639893,0.328803853,0.067583971,0.0,0.05125395,0.189718334,0.002,0.318,0.234,0.068,0.377,0.003,0.003,0.993,0.059445083,0.0,0.0,0.850933313,0.0,0.069417387,0.0,0.0,0.0,0.0,0.0,0.0,0.0,0.0,0.0,0.0,2,19,5
4,113,0.699,0.176,0.126,0.346384016,0.103293744,0.124371931,0.043300768,0.110990032,0.271659511,0.022,0.16,0.064,0.019,0.735,0.195,0.277,0.527,0.207355008,0.0,0.0,0.509151042,0.0,0.0,0.157441065,0.0,0.0,0.0,0.0,0.0,0.0,0.0,0.0,0.0,2,19,5
7,40,0.39,0.544,0.066,0.086653565,0.224312585,0.325346238,0.169772303,0.102076731,0.091838576,0.002,0.2,0.299,0.007,0.492,0.706,0.077,0.216,0.461411774,0.174079999,0.0,0.110615529,0.0,0.0,0.0,0.0,0.0,0.0,0.0,0.0,0.0,0.0,0.0,0.0,1,30,4
4,70,0.133,0.173,0.695,0.365234983,0.192874692,0.189724531,0.0,0.049869985,0.202295809,0.008,0.178,0.196,0.05,0.568,0.017,0.004,0.979,0.5108248,0.0,0.0,0.323717296,0.0,0.0,0.07625293,0.0,0.0,0.0,0.0,0.0,0.0,0.0,0.0,0.0,2,8,4
1,86,0.03,0.094,0.876,0.343676202,0.108176101,0.037362378,0.009096672,0.01257917,0.489109478,0.014,0.005,0.221,0.116,0.645,0.003,0.002,0.995,0.777460814,0.153602719,0.0,0.0,0.0,0.0,0.042551555,0.0,0.0,0.0,0.0,0.0,0.0,0.0,0.0,0.0,1,17,4
4,191,0.907,0.083,0.01,0.043192181,0.164297077,0.38554731,0.182495184,0.181224926,0.043243323,0.013,0.51,0.188,0.005,0.284,0.0,0.0,0.0,0.055491425,0.0,0.0,0.018285044,0.0,0.0,0.0,0.901539803,0.0,0.0,0.0,0.0,0.0,0.0,0.0,0.0,2,1,4
1,134,0.969,0.029,0.002,0.01542592,0.264997208,0.580433413,0.03639015,0.072608924,0.030144386,0.001,0.118,0.196,0.001,0.684,0.929,0.01,0.061,0.996581733,0.001111209,0.0,0.0,0.0,0.0,0.0,0.0,0.0,7.16937E-4,0.0,0.0,0.0,0.0,0.0,0.0,1,18,3
3,218,0.746,0.178,0.076,0.038197784,0.303400759,0.466751845,0.03755403,0.103463584,0.050631998,0.021,0.235,0.108,0.014,0.622,0.888,0.043,0.069,0.151789382,0.0,0.0,0.758901298,0.0,0.0,0.0,0.0,0.033245675,0.0,0.0,0.0,0.0,0.0,0.0,0.0,1,3,3
4,81,0.541,0.385,0.074,0.089714422,0.228632053,0.455211383,0.046758949,0.126042952,0.053640241,0.022,0.097,0.214,0.018,0.65,0.497,0.17,0.333,0.874157548,0.0,0.057252049,0.0,0.0,0.0,0.0,0.0,0.033653613,0.0,0.0,0.0,0.0,0.0,0.0,0.0,2,3,3
1,73,0.809,0.112,0.079,0.073708833,0.131581235,0.342026288,0.067916562,0.285874582,0.098892501,0.018,0.354,0.326,0.013,0.288,0.0,0.0,0.0,0.973763585,0.0,0.010047824,0.008860488,0.0,0.0,0.0,0.0,0.0,0.0,0.0,0.0,0.0,0.0,0.0,0.0,1,16,3
3,85,0.079,0.563,0.358,0.236184896,0.197461055,0.1113157,0.133568671,0.079096466,0.242373212,0.062,0.028,0.34,0.074,0.496,0.046,0.536,0.419,0.0,0.0,0.0,0.082996234,0.0,0.816596091,0.0,0.0,0.0,0.035860464,0.0,0.0,0.0,0.0,0.0,0.0,1,20,4
1,48,0.118,0.419,0.463,0.31647966,0.243987481,0.222480217,0.041483897,0.074015952,0.101552793,0.005,0.04,0.663,0.011,0.281,0.0,0.0,0.0,0.574683905,0.0,0.083564177,0.230700046,0.0,0.0,0.0,0.0,0.0,0.0,0.0,0.0,0.0,0.0,0.0,0.0,1,12,5
3,115,0.634,0.299,0.067,0.106268116,0.215723527,0.395480392,0.018238272,0.178838126,0.085451567,0.075,0.078,0.257,0.026,0.565,0.378,0.167,0.454,0.289131314,0.0,0.0,0.081895195,0.539636195,0.0,0.0,0.0,0.0,0.0,0.0,0.0,0.0,0.0,0.0,0.0,1,12,5
7,35,0.095,0.589,0.315,0.177919204,0.212380026,0.220411574,0.073056398,0.172930856,0.143301943,0.016,0.039,0.623,0.04,0.282,0.0,0.0,0.0,0.407804698,0.0,0.483784705,0.0,0.0,0.028078439,0.0,0.0,0.0,0.0,0.0,0.0,0.0,0.0,0.0,0.0,1,12,5
2,38,0.318,0.675,0.007,0.112695189,0.166143503,0.251087599,0.137057759,0.244374742,0.088641208,0.0,0.951,0.029,0.0,0.019,0.0,0.0,0.0,0.295322686,0.0,0.0,0.216437191,0.0,0.0,0.222939089,0.0,0.0,0.0,0.0,0.0,0.0,0.0,0.0,0.0,2,2,4
4,61,0.059,0.311,0.63,0.13853328,0.10391986,0.023960093,0.027800102,0.06480212,0.640984545,0.017,0.097,0.454,0.049,0.383,0.0,0.0,0.0,0.304518014,0.0,0.360761225,0.181506291,0.0,0.0,0.0,0.0,0.0,0.0,0.0,0.0,0.0,0.0,0.0,0.0,2,18,5
3,58,0.092,0.206,0.702,0.518905203,0.102653374,0.049572511,0.023275565,0.023948081,0.281645267,0.005,0.009,0.238,0.005,0.743,0.004,0.004,0.992,0.127861112,0.0,0.110970773,0.698611617,0.0,0.0,0.0,0.0,0.0,0.0,0.0,0.0,0.0,0.0,0.0,0.0,1,29,4
1,100,0.321,0.469,0.21,0.105300328,0.239971278,0.363715081,0.067065971,0.053665995,0.170281347,0.003,0.007,0.851,0.004,0.134,0.0,0.0,0.0,0.408723474,0.0,0.0,0.42997697,0.0,0.0,0.078915678,0.0,0.0,0.0,0.0,0.0,0.0,0.0,0.0,0.0,1,29,4
3,83,0.288,0.243,0.469,0.176888218,0.305032249,0.175971292,0.024557016,0.046998396,0.270552829,0.013,0.027,0.46,0.004,0.496,0.027,0.007,0.966,0.386757076,0.0,0.17932944,0.290146172,0.0,0.0,0.0,0.0,0.0,0.0,0.0,0.0,0.0,0.0,0.0,0.0,1,29,4
4,70,0.541,0.372,0.088,0.204555643,0.120666399,0.144953227,0.187235106,0.262690968,0.079898656,0.031,0.055,0.112,0.01,0.792,0.18,0.121,0.699,0.124512449,0.0,0.092880353,0.598008931,0.0,0.0,0.0,0.0,0.0,0.0,0.0,0.0,0.0,0.0,0.0,0.0,2,29,4
4,81,0.11,0.336,0.554,0.402793238,0.081573387,0.071618426,0.043303016,0.058015679,0.342696254,0.012,0.031,0.1,0.09,0.767,0.033,0.158,0.809,0.122797489,0.0,0.17325674,0.0,0.0,0.0,0.639908195,0.0,0.0,0.0,0.0,0.0,0.0,0.0,0.0,0.0,2,24,5
4,45,0.647,0.254,0.099,0.088905564,0.144392925,0.423350687,0.028700978,0.170951502,0.143698345,0.052,0.411,0.123,0.027,0.386,0.0,0.0,0.0,0.04204008,0.0,0.230539829,0.625124872,0.0,0.0,0.0,0.0,0.0,0.0,0.0,0.0,0.0,0.0,0.0,0.0,2,26,3
1,21,0.908,0.089,0.003,0.004551983,0.591157558,0.28426974,0.005007517,0.093065252,0.02194795,0.017,0.062,0.382,0.0,0.539,0.872,0.04,0.088,0.561562538,0.0,0.109976403,0.0,0.0,0.0,0.170719579,0.0,0.0,0.0,0.0,0.0,0.0,0.0,0.0,0.0,1,12,3
2,91,0.095,0.603,0.301,0.266722625,0.240799515,0.327034183,0.0,0.066199683,0.099243994,0.0,0.79,0.114,0.012,0.084,0.0,0.0,0.0,0.148869753,0.0,0.0,0.245277077,0.593973458,0.0,0.0,0.0,0.0,0.0,0.0,0.0,0.0,0.0,0.0,0.0,2,9,4
2,37,0.865,0.127,0.008,0.041226766,0.157667698,0.457296172,0.049957016,0.268779466,0.025072883,0.002,0.377,0.264,0.007,0.35,0.0,0.0,0.0,0.078067079,0.0,0.023594849,0.849342704,0.0,0.0,0.0,0.0,0.0,0.0,0.0,0.0,0.0,0.0,0.0,0.0,2,2,3
4,121,0.086,0.189,0.725,0.538575458,0.121727349,0.014343712,0.008372438,0.063567663,0.253413381,0.014,0.015,0.23,0.103,0.637,0.001,0.007,0.992,0.082951918,0.0,0.0,0.238174215,0.0,0.597707331,0.0,0.0,0.0,0.0,0.0,0.0,0.0,0.0,0.0,0.0,2,20,5
5,52,0.051,0.526,0.423,0.402593993,0.150871162,0.145729753,0.033393864,0.053939053,0.213472175,0.012,0.082,0.363,0.038,0.505,0.028,0.274,0.698,0.023646606,0.0,0.0,0.040773206,0.0,0.927370548,0.0,0.0,0.0,0.0,0.0,0.0,0.0,0.0,0.0,0.0,1,20,5
4,77,0.054,0.183,0.763,0.509852743,0.126709813,0.08827729,0.0,0.069768389,0.205391764,0.005,0.012,0.5,0.014,0.469,0.0,0.0,0.0,0.405489385,0.0,0.0,0.460387528,0.0,0.0,0.047520854,0.0,0.0,0.0,0.0,0.0,0.0,0.0,0.0,0.0,2,24,4
2,61,0.471,0.515,0.014,0.15283755,0.221744807,0.313783564,0.119511933,0.131457339,0.060664808,0.002,0.928,0.034,0.001,0.035,0.0,0.0,0.0,0.0,0.0,0.289349288,0.0,0.0,0.0,0.197338224,0.0,0.0,0.0,0.203543142,0.0,0.0,0.0,0.0,0.0,2,1,4
4,39,0.104,0.421,0.474,0.28170396,0.145915935,0.099882191,0.082463519,0.145825636,0.24420876,0.018,0.04,0.608,0.063,0.271,0.0,0.0,0.0,0.0,0.0,0.176889375,0.667152822,0.0,0.0,0.060950212,0.0,0.0,0.0,0.0,0.0,0.0,0.0,0.0,0.0,2,27,2
1,93,0.4,0.477,0.123,0.089010421,0.271901286,0.195932882,0.069361448,0.253104126,0.120689838,0.01,0.139,0.193,0.018,0.639,0.485,0.37,0.146,0.545262814,0.0,0.0,0.059354268,0.0,0.0,0.355809897,0.0,0.0,0.0,0.0,0.0,0.0,0.0,0.0,0.0,1,7,3
4,69,0.337,0.501,0.162,0.21066946,0.221915917,0.406120792,0.030900103,0.045775934,0.084617795,0.002,0.042,0.146,0.005,0.804,0.107,0.108,0.785,0.145053178,0.0,0.548806191,0.198889241,0.0,0.0,0.0,0.0,0.0,0.0,0.0,0.0,0.0,0.0,0.0,0.0,2,7,3
2,25,0.185,0.808,0.008,0.120836419,0.249093224,0.262970691,0.109557834,0.170221652,0.087320182,0.0,0.909,0.082,0.0,0.008,0.0,0.0,0.0,0.393435776,0.0,0.138585076,0.376278013,0.0,0.0,0.0,0.0,0.0,0.0,0.0,0.0,0.0,0.0,0.0,0.0,2,19,4
4,55,0.083,0.061,0.856,0.262619565,0.133931246,0.132155002,0.008092506,0.175097839,0.288103843,0.036,0.028,0.128,0.02,0.787,0.002,0.001,0.997,0.259518743,0.0,0.0,0.114983752,0.0,0.0,0.0,0.0,0.449734271,0.0,0.0,0.0,0.0,0.0,0.0,0.0,2,19,4
4,59,0.426,0.399,0.175,0.076892842,0.243881979,0.311882404,0.076572679,0.209513008,0.081257088,0.021,0.221,0.223,0.049,0.485,0.276,0.091,0.633,0.156279698,0.0,0.0,0.552608192,0.0,0.0,0.137697712,0.0,0.0,0.0,0.0,0.0,0.0,0.0,0.0,0.0,2,27,3
4,34,0.061,0.469,0.47,0.324561053,0.147133743,0.129635943,0.067489468,0.03845276,0.292727033,0.02,0.011,0.768,0.019,0.183,0.0,0.0,0.0,0.0,0.0,0.0,0.172349572,0.0,0.0,0.0,0.234970987,0.0,0.137554437,0.0,0.0,0.0,0.0,0.0,0.0,2,10,3
2,35,0.768,0.115,0.117,0.131759321,0.088447556,0.261580445,0.050706009,0.439808718,0.027697951,0.009,0.072,0.483,0.007,0.429,0.0,0.0,0.0,0.670079529,0.0,0.0,0.211600453,0.0,0.0,0.0,0.0,0.0,0.0,0.0,0.0,0.0,0.0,0.0,0.040374715,2,8,2
1,90,0.907,0.055,0.038,0.021625868,0.137539363,0.232437523,0.062730871,0.484076009,0.061590367,0.054,0.048,0.184,0.005,0.709,0.919,0.015,0.066,0.2759583,0.0,0.0,0.092443019,0.0,0.567395985,0.0,0.0,0.0,0.0,0.0,0.0,0.0,0.0,0.0,0.0,1,2,2
2,47,0.017,0.135,0.848,0.328970661,0.32875852,0.034528664,0.025046898,0.049574856,0.233120401,0.007,0.082,0.375,0.179,0.357,0.0,0.0,0.0,0.148927793,0.0,0.0,0.607739389,0.0,0.0,0.0,0.0,0.0,0.0,0.0,0.0,0.125484169,0.0,0.0,0.0,2,14,3
1,52,0.616,0.346,0.038,0.074903504,0.235116181,0.127145295,0.146177084,0.362936385,0.053721552,0.004,0.024,0.531,0.0,0.441,0.0,0.0,0.0,0.987576962,0.005129549,0.0020829,0.0,0.0,0.0,0.0,0.0,0.0,0.0,0.0,0.0,0.0,0.0,0.0,0.0,1,15,3
4,36,0.648,0.239,0.113,0.179436702,0.186847213,0.11907151,0.091711186,0.31072732,0.11220607,0.007,0.059,0.262,0.015,0.657,0.216,0.023,0.761,0.045945782,0.0,0.0,0.889553249,0.0,0.05438669,0.0,0.0,0.0,0.0,0.0,0.0,0.0,0.0,0.0,0.0,2,15,3
5,31,0.23,0.418,0.352,0.321563328,0.322886585,0.045427868,0.037490041,0.066131135,0.206501043,0.003,0.181,0.104,0.027,0.685,0.041,0.084,0.874,0.860221148,0.0,0.028597385,0.063198395,0.0,0.0,0.0,0.0,0.0,0.0,0.0,0.0,0.0,0.0,0.0,0.0,1,14,4
4,96,0.343,0.55,0.107,0.171441953,0.195873097,0.329504058,0.047571743,0.148962768,0.106646381,0.072,0.454,0.122,0.028,0.324,0.0,0.0,0.0,0.134750351,0.0,0.0,0.0,0.0,0.0,0.0,0.530899644,0.0,0.0,0.0,0.0,0.0,0.0,0.190036774,0.0,2,11,4
2,111,0.082,0.361,0.557,0.478453599,0.202099994,0.092567894,0.012064332,0.05024813,0.164566052,0.009,0.078,0.204,0.022,0.688,0.03,0.103,0.868,0.932392776,0.0,0.0,0.016130364,0.0,0.0,0.0,0.0,0.0,0.0,0.0,0.0,0.0,0.0,0.0,0.016753493,2,0,4
1,81,0.031,0.227,0.743,0.289321004,0.184215349,0.064259845,0.020112225,0.08792883,0.354162747,0.153,0.011,0.278,0.072,0.486,0.012,0.092,0.896,0.410973519,0.0,0.0,0.17125231,0.0,0.0,0.151549548,0.0,0.0,0.0,0.0,0.0,0.0,0.0,0.0,0.0,1,26,4
3,69,0.889,0.091,0.02,0.061416943,0.222871332,0.371603238,0.018744088,0.271508497,0.053855903,0.018,0.38,0.144,0.002,0.456,0.853,0.027,0.119,0.352847874,0.0,0.0,0.381486446,0.0,0.0,0.145490125,0.0,0.0,0.0,0.0,0.0,0.0,0.0,0.0,0.0,1,26,4
4,45,0.141,0.367,0.492,0.215783275,0.142122654,0.047422533,0.115377218,0.141292264,0.338002056,0.155,0.075,0.224,0.204,0.341,0.129,0.387,0.484,0.242696866,0.0,0.489134401,0.0,0.0,0.0,0.101493374,0.0,0.0,0.0,0.0,0.0,0.0,0.0,0.0,0.0,2,26,4
4,96,0.05,0.191,0.759,0.419558406,0.05007815,0.0562174,0.018672475,0.027233426,0.428240143,0.019,0.017,0.389,0.018,0.556,0.005,0.016,0.979,0.0,0.0,0.0,0.927461684,0.0,0.0,0.020355355,0.0,0.0,0.0,0.0,0.018270206,0.0,0.0,0.0,0.0,2,14,4
1,100,0.941,0.045,0.014,0.003955137,0.084424847,0.74255912,0.003807552,0.161819667,0.003433678,0.001,0.375,0.478,0.0,0.146,0.0,0.0,0.0,0.985558629,0.0,0.003364206,0.0,0.0,0.0,0.008040153,0.0,0.0,0.0,0.0,0.0,0.0,0.0,0.0,0.0,1,11,3
1,66,0.982,0.017,0.001,0.006824467,0.492998933,0.380796818,0.009677583,0.067131444,0.042570756,0.003,0.072,0.186,0.0,0.739,0.98,0.004,0.016,0.0,0.0,0.159411952,0.311302513,0.0,0.0,0.303375185,0.0,0.0,0.0,0.0,0.0,0.0,0.0,0.0,0.0,1,0,4
3,50,0.254,0.611,0.135,0.128370107,0.278537565,0.254186069,0.119177731,0.104673818,0.11505471,0.003,0.037,0.532,0.003,0.424,0.0,0.0,0.0,0.290365845,0.0,0.0,0.14678514,0.0,0.0,0.0,0.185267955,0.0,0.0,0.0,0.0,0.0,0.0,0.0,0.0,1,0,4
1,53,0.964,0.03,0.006,0.009442003,0.081742654,0.207817418,0.009147841,0.674288296,0.017561789,0.015,0.411,0.174,0.004,0.396,0.0,0.0,0.0,0.403737068,0.0,0.0,0.057696,0.0,0.0,0.379709482,0.0,0.0,0.0,0.0,0.0,0.0,0.0,0.0,0.0,1,16,3
2,23,0.436,0.55,0.014,0.052605593,0.387067468,0.224280391,0.140698565,0.118316691,0.077031292,0.002,0.175,0.737,0.0,0.086,0.0,0.0,0.0,0.074457422,0.0,0.250560343,0.543226421,0.0,0.0,0.0,0.0,0.0,0.0,0.0,0.0,0.0,0.0,0.0,0.0,2,16,3
4,48,0.817,0.172,0.01,0.051748368,0.189976604,0.704201399,0.007585814,0.028331982,0.018155833,0.002,0.095,0.177,0.002,0.724,0.296,0.043,0.661,0.071239069,0.0,0.110370331,0.726178229,0.0,0.0,0.0,0.0,0.0,0.0,0.0,0.0,0.0,0.0,0.0,0.0,2,16,3
1,88,0.057,0.247,0.696,0.318643854,0.140509748,0.079014436,0.036505411,0.17855361,0.246772941,0.282,0.023,0.115,0.166,0.415,0.072,0.166,0.762,0.134417012,0.0,0.0,0.634166539,0.0,0.056283277,0.0,0.0,0.0,0.0,0.0,0.0,0.0,0.0,0.0,0.0,1,26,4
4,79,0.155,0.222,0.623,0.351587422,0.142666359,0.098441421,0.027939301,0.142624941,0.236740556,0.094,0.038,0.214,0.058,0.595,0.022,0.08,0.897,0.064343035,0.0,0.0,0.752111256,0.0,0.071969032,0.0,0.0,0.0,0.0,0.0,0.0,0.0,0.0,0.0,0.0,2,26,4
3,109,0.242,0.312,0.445,0.289766761,0.181683613,0.092406866,0.0,0.093045167,0.343097594,0.12,0.098,0.175,0.071,0.536,0.053,0.037,0.91,0.040341079,0.018680081,0.0,0.0,0.0,0.0,0.0,0.0,0.0,0.0,0.0,0.0,0.907851517,0.0,0.0,0.0,1,4,5
1,48,0.88,0.102,0.018,0.027051689,0.211935699,0.485674307,0.045051881,0.17136575,0.058920674,0.017,0.174,0.56,0.007,0.242,0.0,0.0,0.0,0.164081886,0.0,0.0,0.726869106,0.0,0.0,0.030667635,0.0,0.0,0.0,0.0,0.0,0.0,0.0,0.0,0.0,1,3,3
3,25,0.003,0.039,0.958,0.472299091,0.180387418,0.045735978,0.06948541,0.058978045,0.173114058,0.038,0.022,0.277,0.267,0.397,0.001,0.001,0.998,0.0,0.0,0.170422792,0.761832297,0.036641128,0.0,0.0,0.0,0.0,0.0,0.0,0.0,0.0,0.0,0.0,0.0,1,18,2
1,100,0.936,0.062,0.003,0.007850203,0.567406673,0.365566714,0.008201985,0.039806816,0.011167608,0.002,0.26,0.08,0.001,0.658,0.951,0.011,0.038,0.859053552,0.0,0.0,0.0,0.0,0.0,0.040405724,0.0,0.093936481,0.0,0.0,0.0,0.0,0.0,0.0,0.0,1,5,2
2,37,0.202,0.78,0.018,0.115352282,0.296239397,0.282130577,0.078419633,0.100999071,0.126859041,0.0,0.958,0.031,0.0,0.01,0.0,0.0,0.0,0.0,0.0,0.0,0.0,0.285071641,0.0,0.185367197,0.0,0.0,0.0,0.0,0.109476924,0.0,0.0,0.0,0.0,2,5,2
3,51,0.967,0.03,0.003,0.023276814,0.4030472,0.263253918,0.015744643,0.231067,0.063610425,0.019,0.106,0.181,0.002,0.692,0.915,0.041,0.044,0.968827546,0.0,0.0,0.0,0.0,0.013785281,0.009678518,0.0,0.0,0.0,0.0,0.0,0.0,0.0,0.0,0.0,1,5,2
2,26,0.024,0.127,0.848,0.250543934,0.266667814,0.147864913,0.044066869,0.167488419,0.123368051,0.003,0.584,0.158,0.023,0.232,0.0,0.0,0.0,0.048094448,0.0,0.114994161,0.69179517,0.0,0.0,0.0,0.0,0.0,0.0,0.0,0.0,0.0,0.0,0.0,0.0,2,21,4
1,231,0.753,0.152,0.095,0.093995612,0.270169077,0.280792097,0.080465426,0.187869912,0.086707875,0.006,0.232,0.353,0.012,0.397,0.676,0.089,0.235,0.547407866,0.0,0.0,0.26522845,0.0,0.0,0.095894247,0.0,0.0,0.0,0.0,0.0,0.0,0.0,0.0,0.0,1,0,3
3,117,0.737,0.242,0.021,0.059485691,0.375170484,0.298610415,0.042832923,0.139584856,0.084315632,0.002,0.392,0.194,0.003,0.409,0.64,0.125,0.235,0.461255431,0.0,0.0,0.403067321,0.0,0.044919577,0.0,0.0,0.0,0.0,0.0,0.0,0.0,0.0,0.0,0.0,1,0,3
2,25,0.447,0.505,0.048,0.03016393,0.269641476,0.306744119,0.117913032,0.233214356,0.042323087,0.0,0.964,0.023,0.001,0.012,0.0,0.0,0.0,0.0,0.0,0.15666841,0.283647656,0.0,0.0,0.0,0.0,0.0,0.0,0.0,0.0,0.201708451,0.0,0.0,0.0,2,2,4
4,37,0.586,0.406,0.008,0.275558024,0.168950848,0.223936126,0.087599851,0.183298816,0.060656335,0.0,0.819,0.142,0.0,0.038,0.0,0.0,0.0,0.467569232,0.0,0.129271656,0.241782844,0.0,0.0,0.0,0.0,0.0,0.0,0.0,0.0,0.0,0.0,0.0,0.0,2,2,4
3,30,0.366,0.409,0.225,0.169951721,0.154366405,0.143687327,0.087305492,0.232190601,0.212498454,0.007,0.161,0.353,0.034,0.446,0.141,0.135,0.724,0.614227772,0.0,0.189573705,0.094754323,0.0,0.0,0.0,0.0,0.0,0.0,0.0,0.0,0.0,0.0,0.0,0.0,1,15,4
4,106,0.094,0.349,0.557,0.282137895,0.132571895,0.127508286,0.059212327,0.176615722,0.221953875,0.018,0.063,0.599,0.131,0.189,0.0,0.0,0.0,0.238990203,0.0,0.0,0.259391993,0.0,0.401147813,0.0,0.0,0.0,0.0,0.0,0.0,0.0,0.0,0.0,0.0,2,15,4
1,221,0.48,0.429,0.091,0.162332092,0.117346867,0.524576375,0.0391903,0.049375377,0.107178989,0.006,0.026,0.56,0.006,0.402,0.0,0.0,0.0,0.910966933,0.0,0.0,0.0,0.0,0.0,0.031755213,0.052071359,0.0,0.0,0.0,0.0,0.0,0.0,0.0,0.0,1,27,4
4,30,0.651,0.289,0.06,0.110538868,0.230458024,0.195357945,0.125286419,0.246634121,0.091724624,0.011,0.326,0.225,0.023,0.415,0.199,0.73,0.071,0.0,0.0,0.152752385,0.585412145,0.0,0.0,0.0,0.0,0.0,0.0,0.051823732,0.0,0.0,0.0,0.0,0.0,2,27,4
4,153,0.591,0.363,0.046,0.063958224,0.546206706,0.275571636,0.014996716,0.051728129,0.04753859,0.003,0.4,0.117,0.003,0.478,0.315,0.42,0.265,0.404426903,0.239194617,0.0,0.0,0.0,0.0,0.121248484,0.0,0.0,0.0,0.0,0.0,0.0,0.0,0.0,0.0,2,25,5
3,53,0.116,0.141,0.743,0.255813091,0.165376581,0.103332818,0.038385152,0.085845782,0.351246576,0.012,0.102,0.323,0.093,0.469,0.001,0.0,0.999,0.542266727,0.0,0.051263169,0.0,0.0,0.309441805,0.0,0.0,0.0,0.0,0.0,0.0,0.0,0.0,0.0,0.0,1,3,4
1,89,0.337,0.509,0.154,0.095273433,0.237572192,0.555178974,0.015296274,0.060308345,0.036370783,0.005,0.078,0.693,0.001,0.223,0.0,0.0,0.0,0.930290163,0.0,0.0,0.039443497,0.0,0.0,0.014185143,0.0,0.0,0.0,0.0,0.0,0.0,0.0,0.0,0.0,1,7,5
4,63,0.566,0.396,0.038,0.256953554,0.175891021,0.357453279,0.0,0.09357223,0.116129917,0.066,0.059,0.521,0.005,0.35,0.0,0.0,0.0,0.224890634,0.0,0.0,0.225630805,0.0,0.0,0.396232367,0.0,0.0,0.0,0.0,0.0,0.0,0.0,0.0,0.0,2,7,5
3,32,0.951,0.046,0.003,0.009550654,0.133774754,0.571014303,0.048380174,0.22668838,0.010591737,0.001,0.343,0.228,0.001,0.427,0.95,0.008,0.042,0.904351592,0.0,0.045662299,0.0,0.0,0.0,0.0,0.0,0.0,0.0,0.01312032,0.0,0.0,0.0,0.0,0.0,1,4,4
1,62,0.531,0.307,0.162,0.10449666,0.299859975,0.234764304,0.095036334,0.10831214,0.157530587,0.025,0.149,0.449,0.014,0.363,0.0,0.0,0.0,0.39388299,0.0,0.0,0.162074536,0.0,0.0,0.349228561,0.0,0.0,0.0,0.0,0.0,0.0,0.0,0.0,0.0,1,31,4
1,107,0.682,0.241,0.077,0.103289638,0.244388875,0.224598066,0.028792386,0.224142601,0.174788434,0.023,0.137,0.211,0.024,0.606,0.451,0.159,0.39,0.425232172,0.201645523,0.0,0.0,0.0,0.0,0.0,0.0,0.133397058,0.0,0.0,0.0,0.0,0.0,0.0,0.0,1,6,4
4,195,0.781,0.106,0.114,0.160036124,0.170385448,0.154563806,0.132387837,0.221319672,0.161307114,0.109,0.211,0.134,0.092,0.454,0.648,0.219,0.133,0.191524208,0.0,0.0,0.0,0.0,0.0,0.513240278,0.0,0.096010692,0.0,0.0,0.0,0.0,0.0,0.0,0.0,2,6,4
3,94,0.073,0.326,0.602,0.459374105,0.179575258,0.082603888,0.020942791,0.037065283,0.220438675,0.022,0.042,0.192,0.032,0.713,0.023,0.066,0.911,0.756239951,0.0,0.042209674,0.0,0.0,0.0,0.129510507,0.0,0.0,0.0,0.0,0.0,0.0,0.0,0.0,0.0,1,31,3
3,99,0.754,0.212,0.034,0.139651886,0.109526118,0.527824169,0.06386844,0.121085683,0.038043705,0.005,0.079,0.329,0.009,0.578,0.488,0.047,0.465,0.229898766,0.0,0.0,0.550639331,0.0,0.0,0.155021325,0.0,0.0,0.0,0.0,0.0,0.0,0.0,0.0,0.0,1,24,4
3,103,0.686,0.259,0.055,0.044551485,0.231021308,0.350939394,0.052358806,0.266056477,0.055072531,0.021,0.285,0.172,0.011,0.511,0.755,0.037,0.208,0.910652816,0.0,0.034361631,0.0,0.0,0.0,0.0,0.0,0.028171491,0.0,0.0,0.0,0.0,0.0,0.0,0.0,1,9,3
1,47,0.52,0.435,0.045,0.017868801,0.278791726,0.277817698,0.268484867,0.055889339,0.101147569,0.002,0.017,0.581,0.001,0.399,0.0,0.0,0.0,0.759949863,0.0,0.0,0.071832486,0.0,0.0,0.102082789,0.0,0.0,0.0,0.0,0.0,0.0,0.0,0.0,0.0,1,30,4
2,38,0.241,0.753,0.007,0.254523411,0.213616881,0.192389232,0.062543169,0.069593272,0.207334036,0.001,0.908,0.051,0.0,0.041,0.0,0.0,0.0,0.128302246,0.0,0.25191018,0.297435641,0.0,0.0,0.0,0.0,0.0,0.0,0.0,0.0,0.0,0.0,0.0,0.0,2,30,4
1,95,0.555,0.352,0.093,0.038461898,0.158429938,0.773571303,0.002333407,0.018284833,0.008918621,0.002,0.108,0.565,0.004,0.322,0.0,0.0,0.0,0.262816399,0.0,0.068210721,0.0,0.0,0.0,0.0,0.0,0.0,0.0,0.0,0.0,0.0,0.0,0.575674057,0.0,1,23,1
1,54,0.798,0.18,0.022,0.015042554,0.511210545,0.27645772,0.012034342,0.145615288,0.039639551,0.012,0.158,0.267,0.002,0.562,0.731,0.179,0.091,0.090233177,0.0,0.0,0.864878893,0.0,0.007629384,0.0,0.0,0.0,0.0,0.0,0.0,0.0,0.0,0.0,0.0,1,13,3
1,59,0.402,0.503,0.095,0.115609911,0.417306144,0.179886784,0.024193943,0.090408557,0.172594661,0.029,0.094,0.513,0.021,0.344,0.0,0.0,0.0,0.659371316,0.0,0.0,0.292960793,0.0,0.0,0.0,0.0,0.0,0.0,0.0,0.0,0.0,0.0,0.013692453,0.0,1,23,2
2,26,0.18,0.783,0.037,0.074601401,0.300533832,0.252772211,0.149921525,0.105459041,0.116711992,0.001,0.979,0.014,0.0,0.005,0.0,0.0,0.0,0.358615577,0.0,0.254744113,0.0,0.0,0.163174421,0.0,0.0,0.0,0.0,0.0,0.0,0.0,0.0,0.0,0.0,2,14,2
3,50,0.245,0.297,0.458,0.146855412,0.166829299,0.17596855,0.10319147,0.201630801,0.205524469,0.046,0.082,0.626,0.033,0.213,0.0,0.0,0.0,0.522615373,0.078005247,0.0,0.314627618,0.0,0.0,0.0,0.0,0.0,0.0,0.0,0.0,0.0,0.0,0.0,0.0,1,14,2
4,54,0.15,0.221,0.629,0.433319706,0.140279791,0.063198253,0.046555626,0.054335293,0.262311331,0.038,0.115,0.234,0.103,0.51,0.006,0.018,0.976,0.033474132,0.0,0.0,0.915792823,0.009101741,0.0,0.0,0.0,0.0,0.0,0.0,0.0,0.0,0.0,0.0,0.0,2,19,5
2,17,0.083,0.295,0.622,0.142229148,0.034507416,0.019914995,0.063423049,0.098502479,0.641422914,0.534,0.005,0.288,0.036,0.138,0.0,0.0,0.0,0.0,0.033485882,0.62206012,0.0,0.0,0.0,0.0,0.0,0.201314643,0.0,0.0,0.0,0.0,0.0,0.0,0.0,2,26,3
3,80,0.578,0.291,0.131,0.135303767,0.225678053,0.108716192,0.049700565,0.123946889,0.356654535,0.007,0.097,0.34,0.027,0.528,0.277,0.237,0.486,0.879428387,0.0,0.0,0.010147597,0.0,0.0,0.08326719,0.0,0.0,0.0,0.0,0.0,0.0,0.0,0.0,0.0,1,26,3
3,81,0.92,0.075,0.005,0.00920177,0.20215314,0.690345452,0.013239022,0.07040806,0.014652557,0.001,0.043,0.179,0.001,0.775,0.772,0.013,0.215,0.293193966,0.0,0.0,0.600303888,0.0,0.0,0.0,0.0,0.0,0.0,0.0,0.0,0.036577884,0.0,0.0,0.0,1,18,4
2,20,0.224,0.478,0.298,0.145076829,0.166952394,0.227251409,0.060780232,0.193836554,0.206102582,0.011,0.025,0.783,0.03,0.151,0.0,0.0,0.0,0.087406531,0.0,0.081614256,0.710445106,0.0,0.0,0.0,0.0,0.0,0.0,0.0,0.0,0.0,0.0,0.0,0.0,2,25,3
3,100,0.051,0.226,0.723,0.632395152,0.101804492,0.030165746,0.009196831,0.026284545,0.200153235,0.016,0.016,0.15,0.185,0.634,0.003,0.015,0.982,0.0,0.0,0.059348673,0.0,0.828903914,0.0,0.045049105,0.0,0.0,0.0,0.0,0.0,0.0,0.0,0.0,0.0,1,25,3
4,107,0.025,0.131,0.844,0.519922194,0.138624653,0.068183563,0.0,0.04480518,0.22846441,0.022,0.023,0.264,0.041,0.65,0.002,0.006,0.992,0.209249288,0.0,0.0,0.752055407,0.0,0.0,0.0,0.024912717,0.0,0.0,0.0,0.0,0.0,0.0,0.0,0.0,2,29,4
2,48,0.004,0.014,0.982,0.380047172,0.345939609,0.026836007,0.004338998,0.022658199,0.220180016,0.004,0.038,0.24,0.055,0.663,0.001,0.002,0.997,0.534436286,0.0,0.120647788,0.154886082,0.0,0.0,0.0,0.0,0.0,0.0,0.0,0.0,0.0,0.0,0.0,0.0,2,14,3
5,42,0.939,0.056,0.005,0.005529456,0.098702654,0.48126577,0.026011695,0.38124666,0.007243764,0.0,0.981,0.011,0.0,0.008,0.0,0.0,0.0,0.0,0.0,0.0,0.344847828,0.0,0.0,0.0,0.0,0.243507519,0.0,0.288560808,0.0,0.0,0.0,0.0,0.0,1,21,2
1,49,0.566,0.335,0.099,0.073917874,0.330396947,0.344725435,0.039031567,0.109167921,0.102760257,0.051,0.233,0.398,0.027,0.291,0.0,0.0,0.0,0.825547934,0.0,0.008244374,0.156131432,0.0,0.0,0.0,0.0,0.0,0.0,0.0,0.0,0.0,0.0,0.0,0.0,1,5,4
2,21,0.038,0.814,0.148,0.058862807,0.698704701,0.062991814,0.055530237,0.022710764,0.101199677,0.0,0.625,0.34,0.002,0.033,0.0,0.0,0.0,0.520269752,0.0,0.348147512,0.058613155,0.0,0.0,0.0,0.0,0.0,0.0,0.0,0.0,0.0,0.0,0.0,0.0,2,5,4
5,137,0.829,0.139,0.032,0.078658484,0.179999809,0.246663099,0.097991482,0.313276073,0.083411054,0.021,0.108,0.272,0.029,0.57,0.715,0.088,0.197,0.346398532,0.0,0.504726291,0.14608711,0.0,0.0,0.0,0.0,0.0,0.0,0.0,0.0,0.0,0.0,0.0,0.0,1,5,4
8,25,0.069,0.905,0.026,0.059827121,0.40704075,0.214499255,0.146908943,0.061812792,0.10991114,0.003,0.673,0.267,0.002,0.055,0.0,0.0,0.0,0.033718545,0.0,0.0,0.021101782,0.0,0.921553135,0.0,0.0,0.0,0.0,0.0,0.0,0.0,0.0,0.0,0.0,2,5,4
2,33,0.647,0.347,0.006,0.024436901,0.352421214,0.381987445,0.041961984,0.17429277,0.024899687,0.001,0.871,0.096,0.0,0.032,0.0,0.0,0.0,0.0,0.0,0.055394515,0.819435597,0.0,0.0,0.0,0.0,0.0,0.0,0.0,0.0,0.028383041,0.0,0.0,0.0,2,30,4
3,64,0.889,0.108,0.003,0.012551653,0.461781468,0.423416084,0.015357264,0.066803669,0.020089862,0.028,0.078,0.285,0.001,0.608,0.773,0.167,0.06,0.304957718,0.0,0.027834341,0.0,0.0,0.0,0.603608847,0.0,0.0,0.0,0.0,0.0,0.0,0.0,0.0,0.0,1,30,4
3,148,0.532,0.295,0.172,0.189376308,0.199155959,0.172188583,0.039966953,0.117557523,0.281754674,0.061,0.107,0.259,0.059,0.514,0.614,0.151,0.235,0.570519567,0.0,0.0,0.0,0.0,0.0,0.295620024,0.0,0.056432527,0.0,0.0,0.0,0.0,0.0,0.0,0.0,1,25,3
3,74,0.3,0.254,0.446,0.288461547,0.189813763,0.163749338,0.102065396,0.130580862,0.125329095,0.105,0.058,0.338,0.126,0.373,0.193,0.072,0.735,0.038960531,0.020646621,0.0,0.916959345,0.0,0.0,0.0,0.0,0.0,0.0,0.0,0.0,0.0,0.0,0.0,0.0,1,7,3
2,88,0.236,0.335,0.429,0.325927249,0.147888113,0.095061589,0.0,0.169027518,0.262095532,0.134,0.112,0.214,0.068,0.471,0.092,0.243,0.665,0.365655512,0.0,0.0,0.134177715,0.330688506,0.0,0.0,0.0,0.0,0.0,0.0,0.0,0.0,0.0,0.0,0.0,2,22,5
4,37,0.318,0.635,0.048,0.03291611,0.610951206,0.266509302,0.01580128,0.034346314,0.039475789,0.011,0.285,0.492,0.003,0.209,0.0,0.0,0.0,0.0,0.0,0.044247065,0.894366622,0.0,0.014364105,0.0,0.0,0.0,0.0,0.0,0.0,0.0,0.0,0.0,0.0,2,4,4
3,139,0.072,0.19,0.739,0.40935249,0.281955296,0.076990437,0.0,0.030657752,0.201044025,0.023,0.1,0.234,0.023,0.621,0.013,0.017,0.97,0.0,0.0,0.219077796,0.0,0.0,0.0,0.458271831,0.147030577,0.0,0.0,0.0,0.0,0.0,0.0,0.0,0.0,1,22,4
4,53,0.903,0.086,0.012,0.110340079,0.124990663,0.290128218,0.098920899,0.324585894,0.051034247,0.068,0.273,0.375,0.019,0.265,0.0,0.0,0.0,0.047659736,0.0,0.0,0.535263181,0.0,0.0,0.394802123,0.0,0.0,0.0,0.0,0.0,0.0,0.0,0.0,0.0,2,2,5
4,46,0.448,0.428,0.124,0.272929633,0.131448452,0.053576489,0.107995136,0.128669876,0.305380414,0.029,0.079,0.529,0.033,0.33,0.0,0.0,0.0,0.231341288,0.0,0.261746407,0.251138359,0.0,0.0,0.0,0.0,0.0,0.0,0.0,0.0,0.0,0.0,0.0,0.0,2,1,3
6,29,0.054,0.215,0.732,0.291179669,0.110136481,0.03699553,0.048309522,0.161277757,0.352101041,0.015,0.039,0.286,0.086,0.573,0.006,0.084,0.91,0.095848836,0.0,0.0,0.772403181,0.0,0.0,0.0,0.0,0.0,0.0,0.063336052,0.0,0.0,0.0,0.0,0.0,2,14,4
5,97,0.781,0.202,0.017,0.040168705,0.267723235,0.291416172,0.118879487,0.24638576,0.035426641,0.006,0.443,0.185,0.008,0.359,0.0,0.0,0.0,0.408200026,0.48844853,0.045850188,0.0,0.0,0.0,0.0,0.0,0.0,0.0,0.0,0.0,0.0,0.0,0.0,0.0,1,23,5
2,14,0.297,0.702,0.001,0.018474486,0.374532748,0.431361785,0.083942287,0.05714556,0.034543134,0.0,0.993,0.006,0.0,0.001,0.0,0.0,0.0,0.174026787,0.0,0.623573542,0.0,0.0,0.0,0.0,0.0,0.0,0.109639913,0.0,0.0,0.0,0.0,0.0,0.0,2,1,3
2,67,0.081,0.46,0.459,0.490440311,0.189331603,0.052865111,0.029085949,0.079752683,0.158524343,0.01,0.05,0.305,0.042,0.593,0.007,0.039,0.954,0.065233439,0.0,0.0,0.755464017,0.0,0.0,0.0,0.0,0.0,0.0,0.062260047,0.0,0.0,0.0,0.0,0.0,2,15,4
1,71,0.22,0.48,0.299,0.100659435,0.35153677,0.238216293,0.083078446,0.131754081,0.094754975,0.078,0.051,0.397,0.031,0.444,0.275,0.127,0.598,0.283959985,0.0,0.0,0.363832444,0.0,0.121708289,0.0,0.0,0.0,0.0,0.0,0.0,0.0,0.0,0.0,0.0,1,26,4
3,126,0.24,0.41,0.35,0.312978677,0.127322309,0.19528461,0.0,0.077770301,0.286644103,0.031,0.055,0.412,0.072,0.429,0.097,0.117,0.786,0.61918664,0.0,0.195267886,0.0,0.0,0.0,0.05045737,0.0,0.0,0.0,0.0,0.0,0.0,0.0,0.0,0.0,1,26,4
1,146,0.435,0.256,0.31,0.157251458,0.194951678,0.150368022,0.049292715,0.21426781,0.233868317,0.52,0.099,0.038,0.039,0.303,0.0,0.0,0.0,0.414345801,0.0,0.082920678,0.0,0.0,0.0,0.345200837,0.0,0.0,0.0,0.0,0.0,0.0,0.0,0.0,0.0,1,20,3
2,32,0.021,0.206,0.773,0.117227872,0.430030178,0.095215475,0.172651198,0.055468853,0.129406426,0.02,0.096,0.455,0.088,0.341,0.0,0.0,0.0,0.101927884,0.0,0.0,0.457983583,0.0,0.078670047,0.0,0.0,0.0,0.0,0.0,0.0,0.0,0.0,0.0,0.0,2,20,3
3,76,0.802,0.184,0.014,0.046454634,0.192077282,0.425242157,0.068162244,0.211275296,0.056788387,0.014,0.098,0.267,0.002,0.619,0.763,0.082,0.154,0.401722699,0.0,0.224920422,0.26039809,0.0,0.0,0.0,0.0,0.0,0.0,0.0,0.0,0.0,0.0,0.0,0.0,1,11,4
2,65,0.327,0.646,0.028,0.076259905,0.323188782,0.336417414,0.042560892,0.131992556,0.089580452,0.002,0.283,0.581,0.003,0.13,0.0,0.0,0.0,0.151957572,0.0,0.120966181,0.670295775,0.0,0.0,0.0,0.0,0.0,0.0,0.0,0.0,0.0,0.0,0.0,0.0,2,13,4
2,18,0.087,0.775,0.138,0.042715614,0.335477807,0.113001984,0.12953411,0.068057564,0.311212922,0.015,0.869,0.093,0.007,0.016,0.0,0.0,0.0,0.269590914,0.0,0.0,0.0,0.136950478,0.0,0.235860586,0.0,0.0,0.0,0.0,0.0,0.0,0.0,0.0,0.0,2,22,1
4,32,0.17,0.349,0.481,0.066807727,0.054688327,0.030088438,0.030530812,0.099305756,0.71857894,0.161,0.016,0.302,0.041,0.479,0.058,0.23,0.712,0.162585169,0.0,0.0,0.165588379,0.0,0.496781409,0.0,0.0,0.0,0.0,0.0,0.0,0.0,0.0,0.0,0.0,2,22,1
1,72,0.892,0.088,0.02,0.009993985,0.085945065,0.705323479,0.018093471,0.172028411,0.008615588,0.005,0.546,0.391,0.001,0.057,0.0,0.0,0.0,0.074341126,0.0,0.0,0.880476892,0.0,0.0,0.024002215,0.0,0.0,0.0,0.0,0.0,0.0,0.0,0.0,0.0,1,29,2
2,18,0.184,0.777,0.039,0.0702594,0.343962567,0.204076395,0.152633443,0.122787985,0.106280211,0.0,0.97,0.02,0.0,0.009,0.0,0.0,0.0,0.125128105,0.0,0.0,0.832807958,0.0,0.0,0.010834085,0.0,0.0,0.0,0.0,0.0,0.0,0.0,0.0,0.0,2,29,2
2,52,0.427,0.384,0.188,0.052440832,0.146134969,0.573922995,0.038937961,0.132211003,0.05635224,0.034,0.108,0.435,0.015,0.408,0.0,0.0,0.0,0.215956718,0.0,0.0,0.559249878,0.0,0.0,0.0,0.0,0.0,0.0,0.0,0.0,0.076790035,0.0,0.0,0.0,2,1,3
3,66,0.333,0.466,0.201,0.176441408,0.278781254,0.113302084,0.097142294,0.199854102,0.134478857,0.003,0.085,0.4,0.004,0.508,0.311,0.085,0.604,0.667884648,0.0,0.0,0.060865212,0.0,0.0,0.154618964,0.0,0.0,0.0,0.0,0.0,0.0,0.0,0.0,0.0,1,1,3
3,94,0.497,0.37,0.132,0.253535614,0.230344892,0.213954753,0.08697719,0.081811208,0.133376344,0.005,0.021,0.19,0.019,0.765,0.207,0.053,0.74,0.032187358,0.0,0.0,0.858831465,0.0,0.0,0.0,0.0,0.0,0.0,0.0,0.0,0.0,0.0,0.040854458,0.0,1,5,3
1,71,0.031,0.236,0.733,0.230520092,0.149943774,0.028840686,0.060785144,0.060806884,0.46910342,0.037,0.032,0.292,0.252,0.387,0.03,0.197,0.774,0.591356039,0.0,0.0,0.146417633,0.108474143,0.0,0.0,0.0,0.0,0.0,0.0,0.0,0.0,0.0,0.0,0.0,1,25,4
2,57,0.443,0.472,0.086,0.067171767,0.163101718,0.538073897,0.006800164,0.196175594,0.028676861,0.0,0.834,0.082,0.004,0.08,0.0,0.0,0.0,0.378465653,0.0,0.066648647,0.4204669,0.0,0.0,0.0,0.0,0.0,0.0,0.0,0.0,0.0,0.0,0.0,0.0,2,25,4
6,16,0.032,0.131,0.837,0.237056541,0.160867679,0.186770953,0.093480538,0.199467375,0.122356915,0.011,0.372,0.284,0.069,0.265,0.0,0.0,0.0,0.190802947,0.0,0.141377181,0.466190845,0.0,0.0,0.0,0.0,0.0,0.0,0.0,0.0,0.0,0.0,0.0,0.0,2,25,4
1,72,0.006,0.106,0.888,0.728099224,0.079556741,0.039017623,0.004621572,0.012829435,0.135875404,0.001,0.008,0.463,0.014,0.514,0.001,0.003,0.996,0.900701404,0.0,0.0,0.003644736,0.0,0.0,0.088939279,0.0,0.0,0.0,0.0,0.0,0.0,0.0,0.0,0.0,1,15,5
3,49,0.029,0.126,0.845,0.486762913,0.08825149,0.024089566,0.054693055,0.037732776,0.3084702,0.041,0.017,0.164,0.405,0.373,0.0,0.0,0.0,0.0,0.0,0.157551244,0.0,0.0,0.091518037,0.537797034,0.0,0.0,0.0,0.0,0.0,0.0,0.0,0.0,0.0,1,15,5
1,69,0.23,0.377,0.392,0.477283107,0.029999096,0.029202276,0.01769225,0.068152553,0.377670718,0.035,0.017,0.07,0.035,0.844,0.016,0.02,0.964,0.27198118,0.0,0.0,0.207626596,0.0,0.0,0.187770933,0.0,0.0,0.0,0.0,0.0,0.0,0.0,0.0,0.0,1,17,4
2,81,0.159,0.267,0.573,0.447653155,0.10392333,0.036963434,0.030175993,0.060945892,0.320338196,0.062,0.009,0.183,0.042,0.704,0.03,0.037,0.934,0.069781616,0.0,0.0,0.109732613,0.0,0.0,0.618831635,0.0,0.0,0.0,0.0,0.0,0.0,0.0,0.0,0.0,2,17,4
3,50,0.967,0.032,0.001,0.018376155,0.221292256,0.630821821,0.023948424,0.093678544,0.011882802,0.001,0.185,0.098,0.001,0.715,0.903,0.018,0.079,0.722130001,0.0,0.0,0.0,0.0,0.0,0.191599816,0.0,0.0,0.0,0.0,0.035529926,0.0,0.0,0.0,0.0,1,17,4
4,109,0.504,0.381,0.115,0.218689791,0.159832211,0.19470684,0.115327693,0.151828778,0.159614688,0.014,0.059,0.126,0.011,0.789,0.583,0.145,0.272,0.481560677,0.0,0.073306285,0.0,0.0,0.0,0.0,0.0,0.0,0.0,0.118527457,0.0,0.0,0.0,0.0,0.0,2,17,4
3,111,0.556,0.327,0.117,0.064843192,0.64813753,0.161976581,0.007706446,0.047901091,0.069435161,0.011,0.168,0.193,0.005,0.623,0.347,0.12,0.534,0.963205278,0.0,0.018143199,0.0,0.0,0.0,0.007051707,0.0,0.0,0.0,0.0,0.0,0.0,0.0,0.0,0.0,1,0,3
4,48,0.606,0.369,0.025,0.03656713,0.24269561,0.286032817,0.073300578,0.312306809,0.049097055,0.002,0.964,0.011,0.002,0.02,0.0,0.0,0.0,0.0,0.0,0.0,0.080680385,0.0,0.768241942,0.048428256,0.0,0.0,0.0,0.0,0.0,0.0,0.0,0.0,0.0,2,16,3
3,65,0.132,0.594,0.274,0.280208629,0.231420986,0.280487675,0.028427521,0.093711869,0.085743321,0.001,0.032,0.395,0.004,0.568,0.081,0.014,0.904,0.517538726,0.0,0.0,0.144875884,0.0,0.0,0.224616349,0.0,0.0,0.0,0.0,0.0,0.0,0.0,0.0,0.0,1,28,4
1,37,0.738,0.242,0.019,0.011921431,0.322838422,0.515258428,0.034198143,0.097027121,0.018756456,0.004,0.181,0.243,0.003,0.569,0.732,0.141,0.127,0.185174584,0.0,0.0,0.280809611,0.0,0.0,0.0,0.232783988,0.0,0.0,0.0,0.0,0.0,0.0,0.0,0.0,1,19,2
2,67,0.572,0.283,0.144,0.096299353,0.157538106,0.22020326,0.227256466,0.231277634,0.067425181,0.021,0.188,0.236,0.017,0.538,0.554,0.135,0.311,0.238497704,0.0,0.14692089,0.0,0.0,0.0,0.471692771,0.0,0.0,0.0,0.0,0.0,0.0,0.0,0.0,0.0,2,19,2
3,62,0.543,0.296,0.161,0.251492771,0.130123965,0.158598797,0.056723932,0.288829628,0.114230908,0.009,0.084,0.218,0.021,0.668,0.438,0.077,0.485,0.099173844,0.0,0.0,0.652335703,0.0,0.061077699,0.0,0.0,0.0,0.0,0.0,0.0,0.0,0.0,0.0,0.0,1,19,2
1,42,0.91,0.077,0.013,0.013349846,0.153067238,0.658032122,0.032001931,0.103116319,0.040432544,0.011,0.229,0.418,0.001,0.341,0.0,0.0,0.0,0.409006655,0.0,0.0,0.274363548,0.0,0.0,0.079688013,0.0,0.0,0.0,0.0,0.0,0.0,0.0,0.0,0.0,1,10,3
2,31,0.113,0.447,0.44,0.237715198,0.486713974,0.083581813,0.028881664,0.032240133,0.130867219,0.001,0.708,0.11,0.007,0.174,0.0,0.0,0.0,0.442987591,0.0,0.117162585,0.304971576,0.0,0.0,0.0,0.0,0.0,0.0,0.0,0.0,0.0,0.0,0.0,0.0,2,29,4
3,67,0.813,0.167,0.02,0.011756668,0.616803151,0.2393022,0.003934024,0.113443814,0.014760142,0.025,0.397,0.195,0.004,0.379,0.0,0.0,0.0,0.22238113,0.0,0.0,0.161682978,0.530659437,0.0,0.0,0.0,0.0,0.0,0.0,0.0,0.0,0.0,0.0,0.0,1,12,3
1,86,0.572,0.303,0.125,0.021121239,0.586816083,0.304157568,0.005151979,0.034880718,0.047872413,0.008,0.11,0.202,0.01,0.669,0.68,0.169,0.151,0.679573476,0.0,0.0,0.031566225,0.0,0.0,0.264068723,0.0,0.0,0.0,0.0,0.0,0.0,0.0,0.0,0.0,1,0,3
2,21,0.103,0.87,0.026,0.076911593,0.40003651,0.246456894,0.070114331,0.076606999,0.129873674,0.0,0.952,0.04,0.0,0.007,0.0,0.0,0.0,0.204390869,0.0,0.080855578,0.58769238,0.0,0.0,0.0,0.0,0.0,0.0,0.0,0.0,0.0,0.0,0.0,0.0,2,1,4
4,52,0.53,0.385,0.085,0.105514138,0.301255574,0.352765862,0.025167044,0.124259445,0.091037936,0.01,0.085,0.486,0.005,0.414,0.0,0.0,0.0,0.0,0.0,0.013136476,0.8788625,0.0,0.092433445,0.0,0.0,0.0,0.0,0.0,0.0,0.0,0.0,0.0,0.0,2,1,4
4,47,0.419,0.508,0.074,0.09595049,0.330264004,0.188318466,0.076914605,0.150478321,0.158074114,0.07,0.576,0.153,0.027,0.174,0.0,0.0,0.0,0.0,0.0,0.938360393,0.019657889,0.0,0.0,0.0,0.0,0.0,0.0,0.0,0.0,0.0,0.023724388,0.0,0.0,2,7,4
2,37,0.203,0.641,0.156,0.117245031,0.40047479,0.253252927,0.047390151,0.0685256,0.113111501,0.004,0.071,0.623,0.002,0.299,0.0,0.0,0.0,0.0,0.0,0.0,0.940577805,0.0,0.0,0.0,0.0,0.0,0.0,0.0,0.0,0.005779193,0.0,0.0,0.030184923,2,0,4
4,44,0.029,0.189,0.781,0.38993039,0.062740816,0.013471207,0.01164674,0.100464042,0.421746805,0.008,0.022,0.215,0.083,0.672,0.004,0.017,0.979,0.259707749,0.0,0.0,0.29363662,0.0,0.0,0.0,0.0,0.0,0.0,0.0,0.097948365,0.0,0.0,0.0,0.0,2,22,4
2,61,0.074,0.278,0.649,0.398132236,0.174708967,0.06973258,0.03785072,0.102300061,0.217275437,0.023,0.022,0.212,0.098,0.645,0.01,0.026,0.964,0.06759803,0.0,0.050336957,0.780014396,0.0,0.0,0.0,0.0,0.0,0.0,0.0,0.0,0.0,0.0,0.0,0.0,2,25,4
3,138,0.917,0.074,0.01,0.025536043,0.221058076,0.35717061,0.171644726,0.188001685,0.036588861,0.003,0.449,0.086,0.002,0.46,0.926,0.026,0.048,0.393506348,0.0,0.0,0.0,0.0,0.0,0.204612389,0.135109261,0.0,0.0,0.0,0.0,0.0,0.0,0.0,0.0,1,25,4
4,2,0.02,0.943,0.037,0.107436785,0.103681247,0.214646736,0.32442566,0.188073792,0.061735781,0.002,0.113,0.73,0.034,0.121,0.0,0.0,0.0,0.202749133,0.0,0.246550471,0.32785967,0.0,0.0,0.0,0.0,0.0,0.0,0.0,0.0,0.0,0.0,0.0,0.0,2,5,1
2,120,0.937,0.056,0.007,0.012357235,0.411387888,0.311077324,0.008812532,0.241790037,0.014574984,0.062,0.274,0.249,0.008,0.407,0.759,0.176,0.066,0.024327774,0.0,0.0,0.160485268,0.762930095,0.0,0.0,0.0,0.0,0.0,0.0,0.0,0.0,0.0,0.0,0.0,2,12,4
3,62,0.974,0.025,0.001,0.002867488,0.324332373,0.455302167,0.017409949,0.190920939,0.009167086,0.001,0.375,0.091,0.001,0.533,0.984,0.01,0.005,0.232398287,0.0,0.0,0.596153677,0.0,0.0,0.0,0.0,0.0,0.034347627,0.0,0.0,0.0,0.0,0.0,0.0,1,12,4
2,37,0.931,0.064,0.005,0.063305661,0.245620047,0.246902502,0.17975356,0.118246673,0.146171559,0.002,0.017,0.438,0.001,0.543,0.87,0.069,0.061,0.409670025,0.0,0.220716581,0.170169383,0.0,0.0,0.0,0.0,0.0,0.0,0.0,0.0,0.0,0.0,0.0,0.0,2,11,3
1,67,0.02,0.306,0.674,0.496149167,0.173629226,0.120288746,0.01953517,0.025024079,0.165373612,0.016,0.062,0.493,0.042,0.386,0.0,0.0,0.0,0.370206595,0.0,0.197718024,0.145334259,0.0,0.0,0.0,0.0,0.0,0.0,0.0,0.0,0.0,0.0,0.0,0.0,1,28,3
2,21,0.015,0.194,0.791,0.439913798,0.220666957,0.145980542,0.033214533,0.086613193,0.073610976,0.003,0.023,0.665,0.017,0.292,0.0,0.0,0.0,0.0,0.0,0.269852132,0.630611241,0.0,0.0,0.0,0.0,0.0,0.023951832,0.0,0.0,0.0,0.0,0.0,0.0,2,28,3
5,30,0.125,0.609,0.266,0.282305493,0.136008806,0.077115131,0.022986446,0.126186939,0.355397185,0.007,0.175,0.171,0.08,0.566,0.054,0.082,0.864,0.149689704,0.0,0.214327529,0.407159269,0.0,0.0,0.0,0.0,0.0,0.0,0.0,0.0,0.0,0.0,0.0,0.0,1,28,3
1,42,0.058,0.305,0.637,0.275020327,0.284888723,0.048281627,0.005716278,0.009058124,0.377034921,0.022,0.128,0.26,0.125,0.464,0.083,0.068,0.849,0.062091272,0.0,0.018380921,0.882152081,0.0,0.0,0.0,0.0,0.0,0.0,0.0,0.0,0.0,0.0,0.0,0.0,1,22,2
5,55,0.901,0.088,0.01,0.042035606,0.204580727,0.329457208,0.11645851,0.220387658,0.08708029,0.013,0.679,0.089,0.012,0.208,0.0,0.0,0.0,0.156203866,0.0,0.0,0.603944838,0.0,0.0,0.0,0.0,0.0,0.0,0.063850433,0.0,0.0,0.0,0.0,0.0,1,22,2
4,78,0.01,0.065,0.925,0.562483918,0.134937016,0.02559576,0.012439195,0.025888169,0.238655942,0.002,0.008,0.413,0.042,0.535,0.001,0.005,0.994,0.576314449,0.0,0.0,0.175168425,0.0,0.0,0.119160205,0.0,0.0,0.0,0.0,0.0,0.0,0.0,0.0,0.0,2,22,4
2,42,0.034,0.079,0.888,0.351663915,0.147433235,0.097988702,0.046464655,0.125182031,0.231267463,0.01,0.029,0.253,0.015,0.692,0.003,0.005,0.992,0.0,0.0,0.013557979,0.966644645,0.0,0.006145489,0.0,0.0,0.0,0.0,0.0,0.0,0.0,0.0,0.0,0.0,2,17,4
2,52,0.969,0.03,0.001,0.007999681,0.263829083,0.469786913,0.016019781,0.228087398,0.014277145,0.004,0.665,0.135,0.001,0.194,0.0,0.0,0.0,0.025830573,0.0,0.008590863,0.945726991,0.0,0.0,0.0,0.0,0.0,0.0,0.0,0.0,0.0,0.0,0.0,0.0,2,18,5
3,77,0.936,0.061,0.003,0.012231589,0.20930581,0.595989447,0.011697903,0.156225926,0.014549325,0.001,0.184,0.17,0.002,0.644,0.867,0.049,0.084,0.760712981,0.0,0.0,0.022412323,0.0,0.0,0.196907222,0.0,0.0,0.0,0.0,0.0,0.0,0.0,0.0,0.0,1,18,5
2,69,0.326,0.617,0.057,0.09075434,0.340379278,0.275059019,0.076329099,0.119866171,0.097612094,0.001,0.926,0.036,0.001,0.037,0.0,0.0,0.0,0.266710013,0.0,0.0,0.32877335,0.0,0.0,0.0,0.0,0.0,0.0,0.0,0.0,0.0,0.0,0.0,0.168045342,2,27,3
3,199,0.929,0.065,0.006,0.012749341,0.362213761,0.367910252,0.037513631,0.173396935,0.04621608,0.003,0.511,0.239,0.001,0.245,0.0,0.0,0.0,0.469274581,0.0,0.0,0.0,0.0,0.0,0.245025277,0.13746199,0.0,0.0,0.0,0.0,0.0,0.0,0.0,0.0,1,30,3
4,78,0.864,0.115,0.02,0.019863902,0.471982797,0.397929965,0.007668324,0.050032057,0.052522956,0.008,0.177,0.223,0.003,0.589,0.883,0.037,0.079,0.491108984,0.0,0.0,0.0,0.221179336,0.0,0.158182383,0.0,0.0,0.0,0.0,0.0,0.0,0.0,0.0,0.0,2,30,3
1,1,0.036,0.677,0.287,0.306753989,0.142937921,0.119024969,0.093281563,0.086181963,0.251819596,0.219,0.052,0.125,0.568,0.037,0.0,0.0,0.0,0.430969954,0.0,0.145615295,0.083114855,0.0,0.0,0.0,0.0,0.0,0.0,0.0,0.0,0.0,0.0,0.0,0.0,1,14,3
4,71,0.665,0.251,0.084,0.069797297,0.183659649,0.130657909,0.257405811,0.258172416,0.100306918,0.06,0.092,0.336,0.02,0.492,0.698,0.231,0.071,0.0,0.0,0.363353491,0.467909724,0.0,0.045470309,0.0,0.0,0.0,0.0,0.0,0.0,0.0,0.0,0.0,0.0,2,12,4
1,62,0.83,0.155,0.015,0.007485516,0.087949632,0.178569554,0.124955469,0.585317038,0.015722792,0.003,0.078,0.158,0.001,0.761,0.963,0.021,0.016,0.129702523,0.0,0.039903257,0.0,0.0,0.0,0.0,0.0,0.73404175,0.0,0.0,0.0,0.0,0.0,0.0,0.0,1,27,4
3,116,0.981,0.016,0.003,0.012491235,0.105198983,0.122843247,0.0,0.729481243,0.029985292,0.022,0.281,0.182,0.006,0.508,0.932,0.046,0.022,0.8792454,0.0,0.0,0.003193003,0.0,0.0,0.109552503,0.0,0.0,0.0,0.0,0.0,0.0,0.0,0.0,0.0,1,1,4
4,69,0.703,0.19,0.107,0.038054965,0.15173723,0.274629729,0.022722853,0.474919474,0.037935748,0.006,0.15,0.219,0.008,0.616,0.475,0.064,0.461,0.0,0.0,0.00780031,0.977648795,0.0,0.006244752,0.0,0.0,0.0,0.0,0.0,0.0,0.0,0.0,0.0,0.0,2,1,4
1,119,0.878,0.094,0.028,0.012687504,0.108729644,0.212157575,0.106781373,0.545080493,0.014563411,0.047,0.192,0.284,0.007,0.47,0.884,0.017,0.099,0.334896833,0.0,0.431098193,0.058668383,0.0,0.0,0.0,0.0,0.0,0.0,0.0,0.0,0.0,0.0,0.0,0.0,1,1,4
2,123,0.975,0.022,0.002,0.008613597,0.124939986,0.220209351,0.173749703,0.446251042,0.026236322,0.017,0.087,0.125,0.003,0.768,0.987,0.003,0.01,0.593499005,0.0,0.0,0.0,0.0,0.0,0.246051624,0.0,0.059598953,0.0,0.0,0.0,0.0,0.0,0.0,0.0,2,2,3
3,120,0.927,0.051,0.022,0.018446695,0.091977133,0.161716594,0.363925692,0.332867017,0.03106687,0.176,0.111,0.088,0.012,0.613,0.856,0.104,0.04,0.153115556,0.0,0.0,0.345826328,0.0,0.0,0.0,0.0,0.0,0.0,0.0,0.0,0.223087236,0.0,0.0,0.0,1,2,3
1,50,0.022,0.275,0.704,0.276106175,0.167538794,0.072483099,0.0,0.064582615,0.419289317,0.005,0.01,0.797,0.013,0.176,0.0,0.0,0.0,0.152368859,0.0,0.0,0.437970251,0.175328538,0.0,0.0,0.0,0.0,0.0,0.0,0.0,0.0,0.0,0.0,0.0,1,21,4
3,66,0.123,0.476,0.401,0.1607535,0.196212186,0.503930984,0.0,0.07236305,0.06674028,0.001,0.612,0.219,0.006,0.161,0.0,0.0,0.0,0.691525042,0.0,0.0,0.071142949,0.0,0.0,0.092383154,0.0,0.0,0.0,0.0,0.0,0.0,0.0,0.0,0.0,1,29,3
5,58,0.094,0.279,0.627,0.503329653,0.125545666,0.041484773,0.0,0.053391935,0.276247973,0.074,0.06,0.274,0.225,0.365,0.014,0.099,0.887,0.022110427,0.0,0.0,0.1620197,0.774663746,0.0,0.0,0.0,0.0,0.0,0.0,0.0,0.0,0.0,0.0,0.0,1,29,3
1,65,0.9,0.097,0.003,0.008518414,0.589434143,0.228324214,0.050602018,0.104284376,0.018836836,0.055,0.019,0.421,0.0,0.505,0.875,0.008,0.117,0.281472802,0.0,0.0,0.496963292,0.0,0.0,0.0,0.057406254,0.0,0.0,0.0,0.0,0.0,0.0,0.0,0.0,1,12,4
3,43,0.376,0.427,0.197,0.281272163,0.298089086,0.114760862,0.063181577,0.028699264,0.213997048,0.121,0.013,0.306,0.004,0.557,0.207,0.047,0.746,0.0,0.0,0.093140371,0.598612964,0.130932063,0.0,0.0,0.0,0.0,0.0,0.0,0.0,0.0,0.0,0.0,0.0,1,12,4
2,70,0.089,0.399,0.512,0.395650193,0.088943533,0.049054183,0.214282501,0.034108278,0.217961313,0.018,0.013,0.347,0.02,0.602,0.005,0.01,0.985,0.900464356,0.0,0.0,0.0,0.0,0.0,0.033191953,0.0,0.0,0.023927715,0.0,0.0,0.0,0.0,0.0,0.0,2,23,4
3,86,0.806,0.165,0.029,0.149872906,0.269467315,0.230033976,0.10748227,0.167738401,0.075405132,0.014,0.217,0.261,0.005,0.503,0.881,0.053,0.065,0.827921867,0.0,0.0,0.043505367,0.0,0.0,0.0,0.0,0.0,0.060651556,0.0,0.0,0.0,0.0,0.0,0.0,1,23,4
3,104,0.386,0.289,0.325,0.190142571,0.22236934,0.106489006,0.039942548,0.184172807,0.256883728,0.011,0.027,0.048,0.006,0.907,0.146,0.066,0.788,0.366740555,0.0,0.0,0.14777869,0.0,0.0,0.0,0.0,0.0,0.0,0.0,0.0,0.0,0.0,0.0,0.352389097,1,30,4
4,64,0.69,0.252,0.058,0.02994961,0.531390737,0.342803007,0.0,0.058640149,0.037216498,0.001,0.048,0.115,0.001,0.835,0.744,0.051,0.205,0.163411677,0.0,0.120202765,0.608754218,0.0,0.0,0.0,0.0,0.0,0.0,0.0,0.0,0.0,0.0,0.0,0.0,2,30,4
5,48,0.09,0.273,0.636,0.128619702,0.44538886,0.104471148,0.088876775,0.033547146,0.199096369,0.048,0.026,0.191,0.07,0.665,0.02,0.017,0.963,0.121102706,0.0,0.069628403,0.695736826,0.0,0.0,0.0,0.0,0.0,0.0,0.0,0.0,0.0,0.0,0.0,0.0,1,30,4
4,80,0.328,0.608,0.064,0.060210687,0.158178469,0.117700661,0.560452061,0.067321895,0.036136228,0.004,0.436,0.178,0.008,0.374,0.0,0.0,0.0,0.0,0.0,0.053174108,0.709837914,0.0,0.0,0.0,0.084328458,0.0,0.0,0.0,0.0,0.0,0.0,0.0,0.0,2,4,4
1,53,0.155,0.6,0.245,0.108137797,0.321438338,0.284374018,0.076527645,0.112282352,0.097239849,0.018,0.033,0.524,0.023,0.403,0.0,0.0,0.0,0.745505273,0.0,0.0,0.157484427,0.0,0.0,0.0,0.0,0.0,0.0,0.0,0.0,0.05229798,0.0,0.0,0.0,1,28,4
1,65,0.433,0.444,0.123,0.190014265,0.116953193,0.38891274,0.033339007,0.04580427,0.224976526,0.01,0.151,0.178,0.008,0.653,0.366,0.113,0.521,0.365129799,0.0,0.184064791,0.285521239,0.0,0.0,0.0,0.0,0.0,0.0,0.0,0.0,0.0,0.0,0.0,0.0,1,3,4
2,43,0.048,0.523,0.43,0.229666044,0.286196982,0.121401188,0.047988514,0.116029688,0.198717585,0.008,0.244,0.592,0.012,0.144,0.0,0.0,0.0,0.381854266,0.0,0.0,0.588617683,0.0,0.008023826,0.0,0.0,0.0,0.0,0.0,0.0,0.0,0.0,0.0,0.0,2,24,3
1,44,0.075,0.243,0.682,0.266309564,0.311131749,0.024296001,0.008312624,0.029791149,0.360158914,0.002,0.022,0.22,0.223,0.534,0.024,0.112,0.863,0.262031913,0.0,0.015475615,0.683492959,0.0,0.0,0.0,0.0,0.0,0.0,0.0,0.0,0.0,0.0,0.0,0.0,1,14,4
1,65,0.022,0.186,0.793,0.407085687,0.216473884,0.075081225,0.016894026,0.036726787,0.247738391,0.013,0.039,0.453,0.027,0.467,0.007,0.011,0.982,0.747041225,0.0,0.0,0.0,0.0,0.0,0.06252946,0.105744414,0.0,0.0,0.0,0.0,0.0,0.0,0.0,0.0,1,22,3
4,23,0.668,0.296,0.036,0.124340501,0.123331102,0.617158166,0.033554896,0.057775493,0.043839843,0.007,0.071,0.116,0.003,0.804,0.346,0.405,0.249,0.35553965,0.0,0.151253879,0.188044205,0.0,0.0,0.0,0.0,0.0,0.0,0.0,0.0,0.0,0.0,0.0,0.0,2,10,3
1,46,0.914,0.079,0.008,0.02555419,0.202571,0.466896987,0.030318705,0.235764025,0.038895093,0.016,0.23,0.347,0.004,0.402,0.904,0.036,0.06,0.593717694,0.0,0.0,0.287783563,0.0,0.062660679,0.0,0.0,0.0,0.0,0.0,0.0,0.0,0.0,0.0,0.0,1,1,3
2,95,0.736,0.202,0.061,0.131987626,0.265373344,0.416112307,0.038329248,0.079414746,0.068782728,0.042,0.203,0.178,0.032,0.545,0.603,0.053,0.344,0.0,0.0,0.230863914,0.0,0.301255673,0.0,0.0,0.0,0.192156389,0.0,0.0,0.0,0.0,0.0,0.0,0.0,2,17,3
5,15,0.38,0.376,0.244,0.120276907,0.301508309,0.224824074,0.10916135,0.113309387,0.130919974,0.01,0.147,0.563,0.001,0.279,0.0,0.0,0.0,0.0,0.0,0.117663547,0.570422947,0.0,0.0,0.0,0.0,0.073293299,0.0,0.0,0.0,0.0,0.0,0.0,0.0,1,17,3
1,43,0.743,0.169,0.089,0.029043603,0.24797979,0.507815085,0.025885211,0.149706509,0.039569802,0.031,0.085,0.382,0.012,0.491,0.685,0.025,0.29,0.0,0.0,0.0,0.431714922,0.0,0.0,0.159157336,0.206976101,0.0,0.0,0.0,0.0,0.0,0.0,0.0,0.0,1,27,5
2,16,0.807,0.171,0.023,0.01867773,0.617203698,0.230541573,0.025873323,0.058034637,0.04966904,0.002,0.091,0.486,0.003,0.418,0.0,0.0,0.0,0.035182629,0.0,0.117130749,0.773454905,0.0,0.0,0.0,0.0,0.0,0.0,0.0,0.0,0.0,0.0,0.0,0.0,2,4,4
1,35,0.365,0.31,0.325,0.066865748,0.232489776,0.214249225,0.090162208,0.186246135,0.209986908,0.023,0.097,0.555,0.035,0.29,0.0,0.0,0.0,0.404747874,0.0,0.439718008,0.0,0.0,0.0,0.07209751,0.0,0.0,0.0,0.0,0.0,0.0,0.0,0.0,0.0,1,25,3
3,34,0.288,0.531,0.181,0.213102791,0.156366144,0.071789099,0.092217971,0.150689441,0.315834554,0.041,0.091,0.362,0.112,0.394,0.195,0.183,0.623,0.0,0.0,0.763388157,0.044873163,0.0,0.0,0.0,0.0,0.066406824,0.0,0.0,0.0,0.0,0.0,0.0,0.0,1,25,3
4,36,0.732,0.213,0.055,0.097611912,0.27733846,0.117967293,0.112912386,0.322928038,0.071241912,0.003,0.05,0.203,0.003,0.74,0.565,0.332,0.104,0.0,0.0,0.107021995,0.653274119,0.0,0.0,0.077128075,0.0,0.0,0.0,0.0,0.0,0.0,0.0,0.0,0.0,2,25,3
1,51,0.284,0.357,0.36,0.294970806,0.193776737,0.072755236,0.024063591,0.043031513,0.371402118,0.029,0.088,0.269,0.04,0.574,0.1,0.078,0.822,0.466075093,0.0,0.0,0.278121084,0.0,0.0,0.0,0.0,0.0,0.073383182,0.0,0.0,0.0,0.0,0.0,0.0,1,23,4
4,80,0.261,0.515,0.224,0.145311122,0.088426277,0.178420153,0.078812858,0.399023646,0.110005945,0.008,0.013,0.525,0.01,0.444,0.0,0.0,0.0,0.936816692,0.0,0.017021321,0.029469589,0.0,0.0,0.0,0.0,0.0,0.0,0.0,0.0,0.0,0.0,0.0,0.0,2,21,3
1,68,0.738,0.237,0.025,0.003262072,0.524496186,0.433416402,0.006555734,0.029700219,0.002569387,0.001,0.583,0.081,0.0,0.335,0.0,0.0,0.0,0.754253805,0.0,0.06339363,0.0,0.0,0.0,0.10399247,0.0,0.0,0.0,0.0,0.0,0.0,0.0,0.0,0.0,1,4,4
1,99,0.786,0.167,0.047,0.059927448,0.425887183,0.278459136,0.023000061,0.131288757,0.081437416,0.002,0.054,0.411,0.001,0.532,0.654,0.052,0.294,0.823149204,0.0,0.0,0.064677991,0.0,0.0,0.068125278,0.0,0.0,0.0,0.0,0.0,0.0,0.0,0.0,0.0,1,6,2
3,29,0.862,0.122,0.016,0.08125377,0.152207941,0.197172159,0.237020579,0.202192822,0.13015273,0.096,0.593,0.153,0.074,0.085,0.0,0.0,0.0,0.528362572,0.0,0.12111716,0.194643483,0.0,0.0,0.0,0.0,0.0,0.0,0.0,0.0,0.0,0.0,0.0,0.0,1,23,3
4,50,0.449,0.278,0.273,0.110990909,0.24579995,0.210514524,0.095319433,0.216787987,0.120587198,0.071,0.043,0.22,0.298,0.368,0.322,0.281,0.397,0.882019401,0.0,0.02069531,0.065535024,0.0,0.0,0.0,0.0,0.0,0.0,0.0,0.0,0.0,0.0,0.0,0.0,2,26,4
1,88,0.918,0.071,0.01,0.011314906,0.146820232,0.534866263,0.019011017,0.269656881,0.018330701,0.027,0.414,0.223,0.007,0.329,0.0,0.0,0.0,0.408279806,0.0,0.0,0.0,0.0,0.415263921,0.087651461,0.0,0.0,0.0,0.0,0.0,0.0,0.0,0.0,0.0,1,27,2
3,98,0.224,0.335,0.441,0.166518555,0.235022097,0.117983065,0.118864913,0.163871138,0.197740233,0.034,0.011,0.448,0.007,0.5,0.144,0.042,0.814,0.873213828,0.0,0.0,0.041939139,0.0,0.0,0.040878538,0.0,0.0,0.0,0.0,0.0,0.0,0.0,0.0,0.0,1,18,2
1,80,0.086,0.493,0.421,0.2132468,0.243175991,0.333702083,0.017624687,0.072420688,0.119829751,0.005,0.009,0.42,0.002,0.564,0.065,0.024,0.911,0.94318825,0.0,0.005534167,0.0,0.0,0.0,0.038666591,0.0,0.0,0.0,0.0,0.0,0.0,0.0,0.0,0.0,1,28,5
3,132,0.007,0.106,0.888,0.724920735,0.135541154,0.042004706,0.004487745,0.007588434,0.085457227,0.002,0.009,0.243,0.007,0.739,0.001,0.001,0.999,0.724360049,0.152367041,0.0,0.0,0.0,0.0,0.04929331,0.0,0.0,0.0,0.0,0.0,0.0,0.0,0.0,0.0,1,28,5
8,24,0.009,0.107,0.884,0.445768648,0.230292612,0.043758119,0.0,0.049984796,0.230195824,0.001,0.011,0.275,0.009,0.704,0.002,0.005,0.994,0.304810047,0.0,0.084097847,0.461284459,0.0,0.0,0.0,0.0,0.0,0.0,0.0,0.0,0.0,0.0,0.0,0.0,2,28,5
3,85,0.877,0.109,0.014,0.006244205,0.611060525,0.300108311,0.012867211,0.049339394,0.020380354,0.006,0.042,0.199,0.001,0.751,0.906,0.032,0.062,0.0,0.0,0.028886469,0.958749354,0.0,0.0,0.0,0.0,0.0,0.0,0.0,0.0,0.005000956,0.0,0.0,0.0,1,30,3
1,27,0.871,0.122,0.006,0.019677582,0.233202473,0.688458998,0.005229877,0.035745484,0.017685586,0.185,0.015,0.441,0.001,0.359,0.0,0.0,0.0,0.161113441,0.0,0.634726524,0.0,0.0,0.0,0.0,0.0,0.0,0.08613383,0.0,0.0,0.0,0.0,0.0,0.0,1,27,3
2,50,0.927,0.072,0.001,0.016042413,0.185021347,0.66852147,0.013051628,0.111152355,0.006210788,0.001,0.098,0.094,0.001,0.805,0.891,0.031,0.078,0.278386563,0.0,0.364318103,0.10559959,0.0,0.0,0.0,0.0,0.0,0.0,0.0,0.0,0.0,0.0,0.0,0.0,2,27,3
2,41,0.324,0.657,0.019,0.440351365,0.191991183,0.167147335,0.04258031,0.068064286,0.089865522,0.001,0.871,0.067,0.0,0.06,0.0,0.0,0.0,0.0,0.0,0.0,0.506110549,0.0,0.321712256,0.0,0.0,0.0,0.0,0.0,0.052462917,0.0,0.0,0.0,0.0,2,0,3
3,53,0.616,0.338,0.047,0.254677215,0.163318192,0.225678447,0.086516889,0.167746521,0.102062737,0.071,0.11,0.282,0.023,0.513,0.759,0.104,0.137,0.0,0.0,0.242043823,0.480147988,0.0,0.0,0.0,0.09550833,0.0,0.0,0.0,0.0,0.0,0.0,0.0,0.0,1,0,3
1,45,0.853,0.112,0.035,0.066488147,0.254560038,0.356056751,0.089079278,0.133460873,0.100354913,0.005,0.179,0.305,0.004,0.508,0.753,0.015,0.232,0.088526167,0.0,0.811857224,0.036033828,0.0,0.0,0.0,0.0,0.0,0.0,0.0,0.0,0.0,0.0,0.0,0.0,1,29,4
2,37,0.121,0.234,0.645,0.378053361,0.323993031,0.034789215,0.008589758,0.053932928,0.200641708,0.033,0.012,0.47,0.047,0.438,0.0,0.0,0.0,0.061550289,0.0,0.186179653,0.661727965,0.0,0.0,0.0,0.0,0.0,0.0,0.0,0.0,0.0,0.0,0.0,0.0,2,6,2
1,129,0.758,0.217,0.025,0.029294909,0.197630957,0.707114071,0.008920106,0.036218955,0.020821002,0.005,0.062,0.49,0.001,0.442,0.0,0.0,0.0,0.90953058,0.0,0.0,0.0,0.0,0.0,0.042556711,0.024531266,0.0,0.0,0.0,0.0,0.0,0.0,0.0,0.0,1,10,5
2,113,0.833,0.148,0.019,0.047346496,0.126749037,0.767330388,0.003830843,0.038414106,0.01632913,0.001,0.079,0.206,0.001,0.713,0.268,0.043,0.688,0.938901603,0.0,0.0,0.012076724,0.0,0.0,0.019809665,0.0,0.0,0.0,0.0,0.0,0.0,0.0,0.0,0.0,2,10,5
2,41,0.99,0.009,0.001,0.007560618,0.194345698,0.280919435,0.018008587,0.489153649,0.010012013,0.004,0.209,0.175,0.004,0.608,0.956,0.007,0.037,0.465857178,0.0,0.159055665,0.192754403,0.0,0.0,0.0,0.0,0.0,0.0,0.0,0.0,0.0,0.0,0.0,0.0,2,16,4
3,67,0.091,0.138,0.772,0.247327995,0.183123206,0.068719454,0.070849139,0.045688999,0.384291208,0.062,0.011,0.111,0.016,0.799,0.005,0.005,0.99,0.168835551,0.0,0.44782874,0.288454324,0.0,0.0,0.0,0.0,0.0,0.0,0.0,0.0,0.0,0.0,0.0,0.0,1,16,4
3,65,0.379,0.274,0.347,0.32934877,0.071890796,0.07475227,0.065999559,0.020460745,0.437547861,0.004,0.01,0.091,0.087,0.809,0.009,0.005,0.986,0.410991877,0.0,0.0,0.234110937,0.0,0.0,0.0,0.0,0.0,0.148317352,0.0,0.0,0.0,0.0,0.0,0.0,1,17,3
2,58,0.201,0.716,0.084,0.086714627,0.32931321,0.324241821,0.066642604,0.130235248,0.062852491,0.009,0.692,0.093,0.004,0.202,0.0,0.0,0.0,0.0,0.0,0.0,0.755233705,0.0,0.0,0.0,0.0,0.0,0.0,0.026868949,0.0,0.0,0.0,0.0,0.115525976,2,13,4
3,36,0.38,0.574,0.047,0.151833929,0.186689253,0.146245424,0.195991527,0.221828908,0.09741096,0.006,0.366,0.312,0.034,0.281,0.0,0.0,0.0,0.0,0.0,0.181340396,0.280926675,0.0,0.0,0.0,0.0,0.0,0.0,0.0,0.0,0.187112287,0.0,0.0,0.0,1,13,4
4,80,0.246,0.596,0.158,0.133878229,0.439656651,0.148514424,0.045509951,0.068285584,0.16415516,0.001,0.057,0.367,0.004,0.571,0.217,0.471,0.312,0.198004901,0.0,0.0,0.302810192,0.0,0.0,0.171511039,0.0,0.0,0.0,0.0,0.0,0.0,0.0,0.0,0.0,2,13,4
1,74,0.885,0.106,0.009,0.01432752,0.092173641,0.249761327,0.489733782,0.14315306,0.010850669,0.011,0.659,0.124,0.01,0.196,0.0,0.0,0.0,0.44331637,0.0,0.375967264,0.071508497,0.0,0.0,0.0,0.0,0.0,0.0,0.0,0.0,0.0,0.0,0.0,0.0,1,2,3
4,167,0.387,0.399,0.214,0.332243729,0.045938712,0.061792831,0.092388846,0.150027375,0.317608508,0.016,0.008,0.166,0.012,0.798,0.373,0.091,0.536,0.618024945,0.0,0.0,0.0,0.0,0.0,0.012691012,0.0,0.0,0.0,0.0,0.0,0.0,0.0,0.0,0.354431719,2,29,3
3,66,0.549,0.253,0.197,0.146866132,0.129771575,0.253924439,0.09594504,0.308452382,0.065040432,0.013,0.141,0.165,0.042,0.639,0.257,0.101,0.642,0.062257003,0.0,0.778836787,0.0,0.0,0.0,0.047828157,0.0,0.0,0.0,0.0,0.0,0.0,0.0,0.0,0.0,1,21,4
4,36,0.6,0.391,0.009,0.061858692,0.166841218,0.142244164,0.086689552,0.4201918,0.122174575,0.004,0.84,0.111,0.0,0.045,0.0,0.0,0.0,0.537576437,0.0,0.105174892,0.113668963,0.0,0.0,0.0,0.0,0.0,0.0,0.0,0.0,0.0,0.0,0.0,0.0,2,17,3
1,108,0.145,0.372,0.483,0.095362578,0.090300561,0.01747985,0.170251264,0.071025739,0.555580009,0.034,0.024,0.381,0.24,0.321,0.0,0.0,0.0,0.592890322,0.0,0.056539495,0.0,0.0,0.0,0.320391029,0.0,0.0,0.0,0.0,0.0,0.0,0.0,0.0,0.0,1,14,3
2,41,0.189,0.762,0.049,0.034035955,0.320612528,0.254065988,0.087034939,0.1079052,0.196345391,0.033,0.457,0.43,0.014,0.066,0.0,0.0,0.0,0.225690097,0.0,0.0,0.416054934,0.0,0.112875029,0.0,0.0,0.0,0.0,0.0,0.0,0.0,0.0,0.0,0.0,2,14,3
3,8,0.016,0.508,0.475,0.106949375,0.050590791,0.024206265,0.025079049,0.060749086,0.732425434,0.035,0.043,0.605,0.192,0.125,0.0,0.0,0.0,0.0,0.0,0.0,0.321567267,0.226761699,0.143725619,0.0,0.0,0.0,0.0,0.0,0.0,0.0,0.0,0.0,0.0,1,14,3
4,91,0.895,0.101,0.004,0.030748768,0.364411572,0.328729383,0.06641386,0.171065871,0.038630547,0.026,0.123,0.266,0.002,0.584,0.88,0.056,0.064,0.743315935,0.0,0.06574931,0.0,0.0,0.0,0.132556766,0.0,0.0,0.0,0.0,0.0,0.0,0.0,0.0,0.0,2,0,3
4,57,0.473,0.517,0.01,0.040696037,0.183005334,0.634093028,0.059300198,0.057330077,0.025575326,0.003,0.457,0.223,0.0,0.317,0.0,0.0,0.0,0.720604301,0.0,0.0,0.184298545,0.0,0.0,0.057555258,0.0,0.0,0.0,0.0,0.0,0.0,0.0,0.0,0.0,2,27,4
1,165,0.775,0.162,0.063,0.043949522,0.213672204,0.338401086,0.04620774,0.246284488,0.111484961,0.073,0.342,0.263,0.025,0.298,0.0,0.0,0.0,0.804595053,0.0,0.0,0.0,0.0,0.0,0.049050864,0.0,0.07384187,0.0,0.0,0.0,0.0,0.0,0.0,0.0,1,11,4
1,28,0.009,0.047,0.944,0.470284281,0.150369599,0.053074031,0.003942632,0.032358018,0.28997144,0.001,0.001,0.343,0.006,0.649,0.0,0.001,0.998,0.75778836,0.0,0.040806826,0.134578779,0.0,0.0,0.0,0.0,0.0,0.0,0.0,0.0,0.0,0.0,0.0,0.0,1,20,4
1,48,0.202,0.556,0.241,0.086867056,0.282346458,0.36766656,0.048985479,0.102159601,0.111974847,0.022,0.025,0.486,0.002,0.464,0.0,0.0,0.0,0.216449291,0.0,0.0,0.68204844,0.0,0.0,0.071283899,0.0,0.0,0.0,0.0,0.0,0.0,0.0,0.0,0.0,1,12,3
3,103,0.976,0.023,0.001,0.003506685,0.54013026,0.374961808,0.002562582,0.072078962,0.006759703,0.008,0.038,0.29,0.001,0.663,0.951,0.019,0.03,0.0,0.0,0.0,0.704948604,0.041638095,0.0,0.0,0.227572396,0.0,0.0,0.0,0.0,0.0,0.0,0.0,0.0,1,12,3
1,31,0.902,0.095,0.003,0.001696723,0.097243968,0.194024185,0.329092058,0.376978261,9.64805E-4,0.001,0.43,0.172,0.004,0.393,0.0,0.0,0.0,0.375950158,0.0,0.195231617,0.165528655,0.0,0.0,0.0,0.0,0.0,0.0,0.0,0.0,0.0,0.0,0.0,0.0,1,0,5
2,166,0.351,0.511,0.139,0.27856772,0.218507355,0.237221902,0.058302506,0.067778947,0.13962157,0.028,0.442,0.098,0.034,0.398,0.0,0.0,0.0,0.0,0.0,0.148382187,0.540133596,0.0,0.146865219,0.0,0.0,0.0,0.0,0.0,0.0,0.0,0.0,0.0,0.0,2,0,5
1,85,0.003,0.056,0.942,0.555577393,0.194514884,0.012216967,0.009708084,0.019853404,0.208129268,0.004,0.022,0.243,0.151,0.579,0.002,0.059,0.939,0.167873815,0.0,0.0,0.0,0.603264451,0.0,0.181015417,0.0,0.0,0.0,0.0,0.0,0.0,0.0,0.0,0.0,1,26,4
3,33,0.553,0.333,0.114,0.165200274,0.126371516,0.09480948,0.236498032,0.228073094,0.149047604,0.009,0.032,0.311,0.016,0.632,0.479,0.027,0.494,0.10405232,0.0,0.0,0.721192181,0.06347429,0.0,0.0,0.0,0.0,0.0,0.0,0.0,0.0,0.0,0.0,0.0,1,9,4
4,29,0.023,0.066,0.912,0.500482951,0.129476395,0.036171063,0.02767697,0.043213406,0.262979215,0.004,0.001,0.188,0.015,0.793,0.001,0.0,0.999,0.065587468,0.0,0.145665065,0.730019569,0.0,0.0,0.0,0.0,0.0,0.0,0.0,0.0,0.0,0.0,0.0,0.0,2,9,4
1,49,0.868,0.106,0.026,0.020214099,0.463372099,0.273016117,0.030594348,0.070622121,0.142181216,0.007,0.103,0.336,0.001,0.552,0.775,0.058,0.167,0.404029429,0.0,0.024568958,0.515714109,0.0,0.0,0.0,0.0,0.0,0.0,0.0,0.0,0.0,0.0,0.0,0.0,1,13,4
3,64,0.449,0.344,0.208,0.093208835,0.33778375,0.265240878,0.035441567,0.1032683,0.165056671,0.003,0.052,0.479,0.011,0.455,0.0,0.0,0.0,0.541853666,0.0,0.0,0.40939343,0.0,0.0,0.0,0.02926906,0.0,0.0,0.0,0.0,0.0,0.0,0.0,0.0,1,13,4
2,42,0.221,0.629,0.15,0.085899039,0.142589261,0.145852732,0.056673655,0.511559509,0.057425803,0.001,0.51,0.373,0.009,0.107,0.0,0.0,0.0,0.0,0.0,0.029371975,0.839395404,0.0,0.066454001,0.0,0.0,0.0,0.0,0.0,0.0,0.0,0.0,0.0,0.0,2,3,4
4,67,0.548,0.35,0.102,0.250076517,0.114955672,0.366134279,0.032223184,0.075160993,0.161449356,0.01,0.06,0.251,0.009,0.67,0.572,0.233,0.195,0.118572012,0.0,0.0,0.842904806,0.0,0.0,0.008876229,0.0,0.0,0.0,0.0,0.0,0.0,0.0,0.0,0.0,2,27,4
1,98,0.053,0.231,0.716,0.305654189,0.25480189,0.052009547,0.007866626,0.034008194,0.345659554,0.025,0.054,0.18,0.118,0.624,0.016,0.042,0.943,0.280388624,0.0,0.0,0.168470919,0.0,0.0,0.0,0.0,0.337416679,0.0,0.0,0.0,0.0,0.0,0.0,0.0,1,20,4
2,55,0.045,0.517,0.438,0.258033751,0.373874305,0.135727123,0.029824203,0.060697184,0.141843434,0.002,0.777,0.064,0.073,0.083,0.0,0.0,0.0,0.0,0.0,0.124358103,0.608597457,0.0,0.081449673,0.0,0.0,0.0,0.0,0.0,0.0,0.0,0.0,0.0,0.0,2,20,4
3,102,0.147,0.382,0.471,0.225010053,0.154932801,0.052735023,0.036743109,0.120672215,0.4099068,0.03,0.091,0.136,0.169,0.574,0.086,0.406,0.508,0.146911234,0.0,0.0,0.672264695,0.084564887,0.0,0.0,0.0,0.0,0.0,0.0,0.0,0.0,0.0,0.0,0.0,1,20,4
4,37,0.851,0.119,0.03,0.024793613,0.193260042,0.175852238,0.126062672,0.420246818,0.059784618,0.046,0.035,0.534,0.01,0.376,0.0,0.0,0.0,0.009568871,0.0,0.028824773,0.953611672,0.0,0.0,0.0,0.0,0.0,0.0,0.0,0.0,0.0,0.0,0.0,0.0,2,29,3
1,120,0.544,0.369,0.088,0.062159867,0.217004838,0.576475005,0.02229811,0.054912109,0.067150071,0.006,0.023,0.452,0.002,0.517,0.277,0.032,0.691,0.96995002,0.0,0.0,0.007322257,0.0,0.0,0.013624745,0.0,0.0,0.0,0.0,0.0,0.0,0.0,0.0,0.0,1,7,4
3,21,0.006,0.027,0.967,0.425563877,0.11375023,0.022192029,0.021431181,0.030434239,0.386628445,0.019,0.005,0.303,0.112,0.561,0.001,0.001,0.998,0.071252346,0.0,0.846529603,0.0,0.0,0.0,0.019537954,0.0,0.0,0.0,0.0,0.0,0.0,0.0,0.0,0.0,1,7,4
1,142,0.103,0.458,0.439,0.589530083,0.014655517,0.063754166,0.003624174,0.016172724,0.312263335,0.084,0.003,0.128,0.014,0.771,0.012,0.017,0.971,0.347859711,0.0,0.0,0.0,0.0,0.0,0.304481,0.0,0.0,0.0,0.0,0.0,0.0,0.0,0.0,0.202497944,1,15,5
3,123,0.409,0.299,0.292,0.355672356,0.108187793,0.25130526,0.014549152,0.080737116,0.189548324,0.016,0.031,0.36,0.014,0.579,0.009,0.003,0.988,0.284016669,0.0,0.0,0.118771881,0.0,0.0,0.0,0.0,0.0,0.0,0.0,0.0,0.0,0.0,0.0,0.459207922,1,15,5
3,66,0.994,0.006,0.001,0.007899704,0.101245194,0.158891815,0.016007894,0.693684785,0.022270609,0.008,0.131,0.26,0.002,0.599,0.977,0.008,0.015,0.822078168,0.0,0.042078927,0.0,0.0,0.0,0.0,0.0,0.0,0.095668048,0.0,0.0,0.0,0.0,0.0,0.0,1,16,3
1,80,0.866,0.11,0.024,0.024962109,0.143143318,0.627504851,0.035361938,0.147486974,0.02154081,0.003,0.225,0.443,0.001,0.328,0.0,0.0,0.0,0.056373853,0.0,0.006538355,0.929631174,0.0,0.0,0.0,0.0,0.0,0.0,0.0,0.0,0.0,0.0,0.0,0.0,1,23,2
4,65,0.118,0.44,0.442,0.367938735,0.191372472,0.04317038,0.025938461,0.098992328,0.272587624,0.003,0.007,0.546,0.036,0.408,0.0,0.0,0.0,0.089520931,0.0,0.0,0.781727076,0.033710294,0.0,0.0,0.0,0.0,0.0,0.0,0.0,0.0,0.0,0.0,0.0,2,13,4
1,36,0.457,0.432,0.112,0.030285108,0.181529443,0.30410859,0.192700383,0.231190025,0.060186452,0.024,0.093,0.481,0.008,0.394,0.0,0.0,0.0,0.378588319,0.0,0.102005087,0.0,0.0,0.0,0.0,0.0,0.0,0.0,0.0,0.0,0.0,0.10378775,0.0,0.0,1,6,2
3,31,0.425,0.459,0.116,0.049621423,0.198036026,0.292007181,0.109273626,0.265599116,0.085462628,0.003,0.148,0.354,0.003,0.493,0.611,0.109,0.28,0.211814299,0.0,0.089483574,0.523840666,0.0,0.0,0.0,0.0,0.0,0.0,0.0,0.0,0.0,0.0,0.0,0.0,1,6,2
3,113,0.354,0.446,0.2,0.198777895,0.254269491,0.188502584,0.091760219,0.091823099,0.174866713,0.022,0.007,0.543,0.029,0.4,0.0,0.0,0.0,0.078594677,0.0,0.0,0.089656077,0.0,0.682614029,0.0,0.0,0.0,0.0,0.0,0.0,0.0,0.0,0.0,0.0,1,20,4
1,120,0.981,0.018,0.001,0.012855532,0.130201867,0.255244139,0.052553817,0.526719143,0.022425503,0.004,0.454,0.069,0.002,0.471,0.977,0.018,0.004,0.598976314,0.0,0.0,0.0,0.0,0.0,0.069574736,0.0,0.194669232,0.0,0.0,0.0,0.0,0.0,0.0,0.0,1,1,4
4,47,0.964,0.035,0.001,0.018111638,0.128777828,0.196072533,0.09161739,0.540967711,0.024452901,0.001,0.94,0.017,0.001,0.042,0.0,0.0,0.0,0.164214522,0.0,0.388377786,0.313030541,0.0,0.0,0.0,0.0,0.0,0.0,0.0,0.0,0.0,0.0,0.0,0.0,2,1,4
2,105,0.944,0.051,0.005,0.074226841,0.221612946,0.424897807,0.053941017,0.183770517,0.041550873,0.005,0.323,0.067,0.011,0.595,0.818,0.134,0.048,0.924904168,0.0,0.0,0.0,0.0,0.0,0.03718188,0.0,0.024029249,0.0,0.0,0.0,0.0,0.0,0.0,0.0,2,28,4
4,63,0.81,0.12,0.07,0.075162026,0.188633162,0.332980196,0.0106057,0.367593524,0.025025393,0.017,0.431,0.126,0.051,0.375,0.0,0.0,0.0,0.0,0.0,0.0,0.913808644,0.016015822,0.0,0.0,0.0,0.0,0.0,0.014254824,0.0,0.0,0.0,0.0,0.0,2,16,3
1,70,0.487,0.381,0.132,0.080991153,0.270591969,0.336714578,0.04816114,0.154607805,0.108933355,0.002,0.119,0.481,0.007,0.392,0.0,0.0,0.0,0.904281676,0.0,0.031975601,0.0,0.0,0.0,0.035775788,0.0,0.0,0.0,0.0,0.0,0.0,0.0,0.0,0.0,1,18,4
5,49,0.399,0.446,0.155,0.222496072,0.127401591,0.305257159,0.097356827,0.180610719,0.066877632,0.001,0.169,0.263,0.009,0.558,0.193,0.169,0.638,0.0,0.0,0.380520791,0.119400844,0.0,0.0,0.188520253,0.0,0.0,0.0,0.0,0.0,0.0,0.0,0.0,0.0,1,18,4
1,54,0.219,0.271,0.51,0.220746096,0.209003645,0.118171121,0.035607638,0.108182662,0.308288839,0.016,0.206,0.161,0.03,0.587,0.086,0.049,0.866,0.847220659,0.0,0.035272718,0.042302031,0.0,0.0,0.0,0.0,0.0,0.0,0.0,0.0,0.0,0.0,0.0,0.0,1,8,3
2,36,0.26,0.725,0.015,0.050814449,0.205602159,0.210297407,0.146652229,0.279447926,0.107185831,0.0,0.983,0.007,0.0,0.01,0.0,0.0,0.0,0.073533289,0.0,0.0,0.523555934,0.0,0.0,0.0,0.0,0.0,0.0,0.130444795,0.0,0.0,0.0,0.0,0.0,2,8,3
3,6,0.086,0.682,0.232,0.015726918,0.077785924,0.212550281,0.138786625,0.530619824,0.024530429,0.076,0.152,0.718,0.017,0.037,0.0,0.0,0.0,0.182896614,0.0,0.262366474,0.281214804,0.0,0.0,0.0,0.0,0.0,0.0,0.0,0.0,0.0,0.0,0.0,0.0,1,8,3
2,114,0.878,0.113,0.009,0.024480413,0.664762764,0.208217857,0.004176295,0.052475315,0.045887357,0.013,0.106,0.362,0.006,0.512,0.721,0.132,0.147,0.659247577,0.0,0.0,0.168746904,0.0,0.0,0.0,0.0,0.0,0.05911335,0.0,0.0,0.0,0.0,0.0,0.0,2,4,4
4,96,0.598,0.346,0.056,0.159202207,0.120017892,0.453998406,0.108508561,0.108485569,0.049787365,0.008,0.145,0.279,0.011,0.558,0.752,0.088,0.16,0.489530832,0.0,0.0,0.146227464,0.0,0.0,0.0,0.0,0.0,0.149550229,0.0,0.0,0.0,0.0,0.0,0.0,2,1,4
1,48,0.967,0.029,0.004,0.019219837,0.088877879,0.219098794,0.066591291,0.569984558,0.036227641,0.02,0.298,0.273,0.006,0.404,0.984,0.005,0.011,0.077025957,0.0,0.0,0.756924748,0.0,0.0,0.071313866,0.0,0.0,0.0,0.0,0.0,0.0,0.0,0.0,0.0,1,16,3
1,42,0.04,0.302,0.658,0.193632438,0.276607905,0.079424133,0.02780692,0.041614743,0.380913861,0.014,0.018,0.329,0.013,0.627,0.02,0.561,0.419,0.398382306,0.0,0.0,0.365552187,0.0,0.059145015,0.0,0.0,0.0,0.0,0.0,0.0,0.0,0.0,0.0,0.0,1,18,4
2,39,0.211,0.691,0.098,0.141224237,0.286428894,0.15331252,0.056540838,0.086926207,0.275567304,0.0,0.993,0.003,0.0,0.003,0.0,0.0,0.0,0.198626876,0.0,0.270680934,0.276711673,0.0,0.0,0.0,0.0,0.0,0.0,0.0,0.0,0.0,0.0,0.0,0.0,2,19,4
4,22,0.024,0.178,0.798,0.380613189,0.261406449,0.023619983,0.018793842,0.037981093,0.277585444,0.075,0.008,0.234,0.084,0.599,0.001,0.003,0.996,0.0,0.0,0.085231617,0.695195675,0.0,0.0,0.0,0.0,0.0,0.0,0.059513819,0.0,0.0,0.0,0.0,0.0,2,19,4
2,36,0.318,0.317,0.365,0.168016996,0.144572087,0.092512251,0.073722445,0.090137816,0.431038405,0.076,0.011,0.333,0.013,0.567,0.03,0.025,0.945,0.0,0.0,0.0,0.222121581,0.0,0.295253515,0.0,0.0,0.0,0.0,0.0,0.0,0.0,0.0,0.0,0.206799865,2,3,3
1,59,0.01,0.116,0.874,0.659742047,0.065541681,0.021205278,0.005430392,0.015974608,0.232105996,0.003,0.003,0.268,0.007,0.719,0.001,0.002,0.997,0.225610793,0.0,0.053915113,0.0,0.0,0.0,0.682563841,0.0,0.0,0.0,0.0,0.0,0.0,0.0,0.0,0.0,1,17,4
3,47,0.09,0.359,0.551,0.560049565,0.082300804,0.151083127,0.018466121,0.019224124,0.168876258,0.005,0.113,0.155,0.232,0.495,0.032,0.048,0.92,0.0,0.0,0.060223382,0.0,0.61003083,0.0,0.0,0.0,0.0,0.0,0.0,0.0,0.0,0.0,0.237382218,0.0,1,11,3
3,60,0.031,0.066,0.903,0.585887491,0.098482756,0.05158717,0.031055233,0.03509011,0.19789724,0.009,0.006,0.467,0.113,0.406,0.0,0.0,0.0,0.176050007,0.0,0.032774821,0.726745367,0.0,0.0,0.0,0.0,0.0,0.0,0.0,0.0,0.0,0.0,0.0,0.0,1,29,3
2,8,0.326,0.65,0.024,0.042527849,0.358763845,0.198874979,0.168288009,0.139725836,0.091819482,0.0,0.978,0.017,0.0,0.005,0.0,0.0,0.0,0.223397836,0.0,0.27631256,0.157411382,0.0,0.0,0.0,0.0,0.0,0.0,0.0,0.0,0.0,0.0,0.0,0.0,2,24,3
1,124,0.993,0.006,0.002,0.010215573,0.069327053,0.130041148,0.041281079,0.740883273,0.008251874,0.006,0.23,0.103,0.004,0.656,0.986,0.001,0.013,0.91717124,0.0,0.0,0.044789851,0.0,0.0,0.027483612,0.0,0.0,0.0,0.0,0.0,0.0,0.0,0.0,0.0,1,2,4
2,75,0.859,0.135,0.006,0.029003351,0.415074563,0.412479583,0.011602201,0.107559472,0.02428083,0.002,0.836,0.041,0.001,0.12,0.0,0.0,0.0,0.575227916,0.0,0.0,0.0,0.065562904,0.0,0.23642756,0.0,0.0,0.0,0.0,0.0,0.0,0.0,0.0,0.0,2,4,4
4,104,0.658,0.3,0.041,0.10293522,0.517400726,0.260432411,0.030904648,0.037510786,0.050816209,0.017,0.22,0.292,0.007,0.464,0.368,0.344,0.288,0.874069929,0.0,0.0,0.094766036,0.0,0.0,0.012577269,0.0,0.0,0.0,0.0,0.0,0.0,0.0,0.0,0.0,2,4,4
2,26,0.231,0.748,0.02,0.067038621,0.321585079,0.180484979,0.169800011,0.159209698,0.101881612,0.001,0.482,0.424,0.0,0.093,0.0,0.0,0.0,0.598355532,0.0,0.122782007,0.167169541,0.0,0.0,0.0,0.0,0.0,0.0,0.0,0.0,0.0,0.0,0.0,0.0,2,12,3
4,41,0.03,0.126,0.844,0.281166084,0.183901304,0.07817599,0.070561673,0.093488564,0.292706386,0.02,0.022,0.548,0.096,0.314,0.0,0.0,0.0,0.384092957,0.0,0.0,0.0,0.0,0.0,0.48176685,0.0,0.0,0.0,0.0,0.057148382,0.0,0.0,0.0,0.0,2,3,3
1,43,0.99,0.009,0.001,0.001282728,0.041250741,0.161365926,0.006504387,0.787806338,0.00178988,0.001,0.794,0.032,0.001,0.172,0.0,0.0,0.0,0.477318108,0.106554419,0.0,0.10850428,0.0,0.0,0.0,0.0,0.0,0.0,0.0,0.0,0.0,0.0,0.0,0.0,1,16,3
4,418,0.548,0.206,0.246,0.354596998,0.102445362,0.107401751,0.062745531,0.124956387,0.247853971,0.039,0.034,0.086,0.042,0.8,0.13,0.117,0.754,0.251516938,0.0,0.0,0.0,0.0,0.0,0.614924192,0.0,0.097543158,0.0,0.0,0.0,0.0,0.0,0.0,0.0,2,21,4
1,75,0.363,0.392,0.245,0.071065553,0.279012776,0.268246798,0.044599892,0.175253159,0.161821822,0.158,0.075,0.277,0.022,0.468,0.482,0.188,0.33,0.0,0.0,0.10183055,0.131250173,0.0,0.0,0.0,0.545394123,0.0,0.0,0.0,0.0,0.0,0.0,0.0,0.0,1,25,3
4,36,0.033,0.258,0.709,0.227983804,0.232370667,0.047340775,0.077309764,0.030099318,0.384895672,0.01,0.013,0.66,0.107,0.21,0.0,0.0,0.0,0.065869086,0.0,0.709743261,0.0,0.0,0.0,0.073861256,0.0,0.0,0.0,0.0,0.0,0.0,0.0,0.0,0.0,2,25,3
2,15,0.012,0.129,0.859,0.407534567,0.223645716,0.225895566,0.023607074,0.029277705,0.090039372,0.002,0.004,0.657,0.015,0.323,0.0,0.0,0.0,0.0,0.0,0.191280708,0.667013884,0.0,0.0,0.0,0.0,0.0,0.0,0.0,0.0,0.0,0.0,0.054340288,0.0,2,9,3
1,39,0.568,0.211,0.221,0.034216886,0.087197841,0.233237183,0.087142615,0.496637477,0.061567998,0.011,0.061,0.262,0.01,0.656,0.71,0.049,0.241,0.59031564,0.0,0.11310228,0.172312737,0.0,0.0,0.0,0.0,0.0,0.0,0.0,0.0,0.0,0.0,0.0,0.0,1,2,4
5,16,0.254,0.587,0.159,0.189599511,0.236827729,0.224694478,0.05895563,0.127501091,0.162421562,0.004,0.057,0.325,0.036,0.579,0.051,0.022,0.927,0.0,0.0,0.187893719,0.709634006,0.0,0.0,0.0,0.0,0.0,0.030142192,0.0,0.0,0.0,0.0,0.0,0.0,1,2,4
1,43,0.085,0.309,0.606,0.304856361,0.0940278,0.172885838,0.088624362,0.112130587,0.227475053,0.036,0.125,0.186,0.039,0.613,0.033,0.548,0.419,0.0,0.0,0.0,0.0,0.0,0.0,0.822020531,0.0,0.0,0.0,0.035467245,0.0,0.0,0.0,0.034148738,0.0,1,14,4
5,15,0.009,0.268,0.723,0.482467596,0.12329744,0.046885619,0.023159579,0.170826872,0.153362894,0.006,0.041,0.446,0.003,0.504,0.002,0.044,0.954,0.12445201,0.0,0.093866356,0.565885484,0.0,0.0,0.0,0.0,0.0,0.0,0.0,0.0,0.0,0.0,0.0,0.0,1,8,5
3,100,0.599,0.261,0.14,0.173706371,0.146264898,0.562725828,0.014909505,0.03433302,0.068060378,0.001,0.061,0.246,0.003,0.689,0.121,0.006,0.873,0.902661085,0.0,0.0,0.0,0.0,0.0,0.082075425,0.0,0.0,0.007319277,0.0,0.0,0.0,0.0,0.0,0.0,1,11,4
4,77,0.18,0.376,0.444,0.225631388,0.131270583,0.071647001,0.135327102,0.164868076,0.27125585,0.019,0.086,0.291,0.029,0.574,0.121,0.333,0.546,0.0,0.0,0.0,0.18471317,0.0,0.0,0.312311292,0.0,0.279489398,0.0,0.0,0.0,0.0,0.0,0.0,0.0,2,8,3
2,36,0.17,0.728,0.102,0.351399498,0.164810267,0.152713594,0.064114239,0.125103837,0.141858566,0.013,0.084,0.388,0.037,0.478,0.05,0.055,0.895,0.083957329,0.0,0.101484902,0.652471483,0.0,0.0,0.0,0.0,0.0,0.0,0.0,0.0,0.0,0.0,0.0,0.0,2,29,3
1,108,0.838,0.105,0.057,0.07468604,0.231396464,0.283698789,0.035937027,0.273410717,0.100870964,0.035,0.11,0.277,0.018,0.56,0.66,0.173,0.168,0.525951207,0.0,0.0,0.155639455,0.0,0.0,0.220960796,0.0,0.0,0.0,0.0,0.0,0.0,0.0,0.0,0.0,1,31,4
3,82,0.443,0.415,0.142,0.223664531,0.179187887,0.158370123,0.079114767,0.192306456,0.167356236,0.004,0.065,0.253,0.021,0.657,0.102,0.041,0.856,0.297899306,0.0,0.0,0.364080519,0.0,0.0,0.0,0.0,0.0,0.0,0.0,0.0,0.0,0.0,0.124657504,0.0,1,31,4
3,53,0.013,0.132,0.855,0.517075558,0.180213421,0.111097534,0.01559591,0.034022338,0.141995239,0.037,0.051,0.367,0.13,0.416,0.002,0.02,0.978,0.0,0.0,0.0,0.524443448,0.0,0.0,0.0,0.196071103,0.0,0.0,0.0,0.123086236,0.0,0.0,0.0,0.0,1,25,3
4,54,0.889,0.098,0.013,0.033792097,0.179582144,0.441799925,0.023694454,0.285361107,0.035770273,0.006,0.661,0.051,0.002,0.28,0.0,0.0,0.0,0.553947985,0.0,0.294163048,0.0,0.0,0.0,0.072811045,0.0,0.0,0.0,0.0,0.0,0.0,0.0,0.0,0.0,2,1,4
1,84,0.743,0.208,0.049,0.110486448,0.372688137,0.167668171,0.028916566,0.076197295,0.244043383,0.05,0.05,0.249,0.002,0.65,0.26,0.027,0.714,0.613773465,0.0,0.0,0.12242879,0.0,0.0,0.085549437,0.0,0.0,0.0,0.0,0.0,0.0,0.0,0.0,0.0,1,29,4
1,46,0.648,0.291,0.061,0.015534827,0.107610453,0.189885534,0.539146334,0.12835019,0.019472663,0.037,0.427,0.241,0.007,0.288,0.0,0.0,0.0,0.35706979,0.0,0.059043892,0.50755167,0.0,0.0,0.0,0.0,0.0,0.0,0.0,0.0,0.0,0.0,0.0,0.0,1,18,3
